Documento	Pregunta	Anotador	Respuesta	
ld0051	¿Cuándo empezarían las escuelas privadas con el nuevo régimen?	AD	El retorno de las clases presenciales estuvo sobre la mesa, y a pesar de que las autoridades [no tienen una posible fecha], les advirtieron que se vayan preparando “porque se va a elaborar un protocolo de retorno específico para la educación urbana, con similitudes al de las escuelas rurales”.	
ld0051	¿Desde cuándo hay presencialidad en las escuelas rurales?	AD	-	
ld0051	¿Cuántas escuelas volvieron a la presencialidad hasta ahora?	AD	-	
ld0051	¿Quién es el director de Codicen?	AD	-	
ld0052	¿Quién realizó la encuesta?	AD	[La consultora Grupo Radar] dio a conocer este jueves su tercera encuesta sobre la percepción de la población de Montevideo respecto a la pandemia del coronavirus.	
ld0052	¿Qué porcentaje de montevideanos está en desacuerdo con las medidas del gobierno?	AD	-	
ld0052	¿Cuánto aumentó el desacuerdo desde el inicio de la pandemia?	AD	-	
ld0054	¿En qué tipo de locales es obligatorio el uso de tapabocas por el momento?	AD	-	
ld0054	¿Quién está evaluando la medida?	AD	Este viernes se comenzará a exigir el uso de tapabocas en las grandes superficies, pero también en los próximos días se comenzaría a hacer lo mismo en los comercios asociados al Centro de Almaceneros Minoristas, Baristas, Autoservicistas y Afines del Uruguay (CAMBADU), según acordaron evaluar este jueves [autoridades de esa gremial y el secretario de Presidencia, Álvaro Delgado], en una reunión que sostuvieron en la Torre Ejecutiva.	
ld0054	¿Cuándo se implementaría la medida?	AD	Este viernes se comenzará a exigir el uso de tapabocas en las grandes superficies, pero también [en los próximos días] se comenzaría a hacer lo mismo en los comercios asociados al Centro de Almaceneros Minoristas, Baristas, Autoservicistas y Afines del Uruguay (CAMBADU), según acordaron evaluar este jueves autoridades de esa gremial y el secretario de Presidencia, Álvaro Delgado, en una reunión que sostuvieron en la Torre Ejecutiva.	
ld0055	¿Cuántos casos de Covid hay en Brasil?	AD	De acuerdo con el balance oficial actualizado por el Ministerio de Salud, con estos nuevos casos, las muertes de personas infectadas por covid-19 ya son 3.313 y el número de infectados en la actualidad es de [20.861], aunque las cifras reales son mucho mayores, ya que además de que en Brasil no se está realizando pruebas de diagnóstico en forma masiva, muchas personas murieron en los últimos días sin ser diagnosticadas.	
ld0055	¿Quién es el Ministro de Salud de Brasil?	AD	-	
ld0055	¿Cuántas muertes por Covid hubo hasta ahora en Brasil?	AD	De acuerdo con el balance oficial actualizado por el Ministerio de Salud, con estos nuevos casos, las muertes de personas infectadas por covid-19 ya son [3.313] y el número de infectados en la actualidad es de 20.861, aunque las cifras reales son mucho mayores, ya que además de que en Brasil no se está realizando pruebas de diagnóstico en forma masiva, muchas personas murieron en los últimos días sin ser diagnosticadas.	
ld0056	¿Hace cuánto tiempo Argentina está en cuarentena?	AD	-	
ld0056	¿Quién recomienda mantener el aislamiento social en Argentina?	AD	El mandatario peronista se reunió este jueves en la residencia presidencial de Olivos con [un grupo de expertos de entidades nacionales e internacionales] que lo asesoran respecto del manejo de la pandemia.	
ld0056	¿Cuándo comenzó el aislamiento en Argentina?	AD	-	
ld0056	¿Quiénes apoyan el aislamiento social en Argentina?	AD	-	
ld0059	¿Cuándo se interrumpieron los campeonatos de la UEFA?	AD	-	
ld0059	¿Quién está evaluando si retomar o finalizar los campeonatos de la UEFA?	AD	[El Comité Ejecutivo de la UEFA] le busca la vuelta.	
ld0059	¿Cuántos campeonatos de la UEFA se suspendieron a causa del Covid?	AD	-	
ld0061	¿Quién realizó el estudio?	AD	En este escenario, [el Grupo de Investigación de Sociología de Género de la Facultad de Ciencias Sociales de la Universidad de la República, que coordina la socióloga y docente Karina Batthyány], realizó un estudio sobre el impacto del confinamiento en la vida cotidiana de las mujeres.	
ld0061	¿Qué mujeres se ven más afectadas por el confinamiento?	AD	Las tensiones son más evidentes para [las mujeres trabajadoras de sectores medios que pueden realizar sus tareas laborales desde sus casas], ya que “su carga de trabajo remunerado, en la mayoría de los casos, o se mantiene, o aumenta y el trabajo de cuidados, lejos de reducirse, aumenta considerablemente”.	
ld0061	¿Qué mujeres se ven más afectadas por el confinamiento?	AD	Los cuidados son un obstáculo también para [las mujeres que están obligadas a seguir trabajando fuera de sus hogares, como las profesionales de la salud o las trabajadoras de supermercados y farmacias].	
ld0061	¿Cuántas mujeres perdieron el empleo durante la pandemia?	AD	-	
ld0062	¿Cuántas personas perdieron trabajo por la pandemia?	AD	Los números “duros” de la economía muestran los [millones] de trabajadores y trabajadoras que perdieron o perderán su trabajo, la tragedia de quienes aun trabajando lo hacían o hacen en condiciones de extrema precariedad, sin un sistema de protección social que los contenga, los sectores económicos que serán crecientemente afectados y el cierre en dominó de muchas empresas, gran parte de ellas pequeñas y medianas.	
ld0062	¿Cuántas personas perdieron trabajo por la pandemia?	AD	La Organización Internacional del Trabajo estimó en su optimista proyección inicial (marzo de 2020) que la cifra de desempleados a nivel mundial [podría llegar a los 25 millones] de personas.	
ld0062	¿Cuántas empresas cerraron por la pandemia?	AD	Los números “duros” de la economía muestran los millones de trabajadores y trabajadoras que perdieron o perderán su trabajo, la tragedia de quienes aun trabajando lo hacían o hacen en condiciones de extrema precariedad, sin un sistema de protección social que los contenga, los sectores económicos que serán crecientemente afectados y el cierre en dominó de [muchas] empresas, gran parte de ellas pequeñas y medianas.	
ld0062	¿Qué países se vieron más afectados económicamente por la pandemia?	AD	-	
ld0062	¿Qué gobiernos han resuelto de manera más eficaz los problemas provocados por la pandemia?	AD	-	
ld0062	¿Quién está conforme con las medidas del gobierno uruguayo frente a la pandemia?	AD	-	
ld0063	¿Qué países se vieron más afectados por la pandemia?	AD	-	
ld0063	¿Qué países tomaron las medidas más estrictas frente a la pandemia?	AD	-	
ld0065	¿Cuándo se creó el cuestionario?	AD	-	
ld0065	¿Hace cuánto tiempo está en funcionamiento el cuestionario?	AD	A medio camino entre el juego y la encuesta, en una fase preliminar el portal cuarentena.uy [desde hace 15 días] recaba las impresiones sobre estos tiempos de pandemia.	
ld0065	¿Quién realizó el cuestionario?	AD	Un cuestionario diseñado por [la Facultad de Psicología y el equipo de DATA] busca ser un predictor de la percepción de la crisis sanitaria	
ld0065	¿Quién realizó el cuestionario?	AD	La verdad es que ahí me empezó a interesar más”, dice [Alejandro Maiche], profesor e investigador de la Facultad de Psicología de la Universidad de la República.	
ld0065	¿Cuántos datos se recabaron hasta el momento?	AD	Parte de lo que empiezan a observar en los [más de 150 resultados] que cosecharon hasta ahora es si existe una línea directa entre el miedo y ese acatamiento, que Maiche prefiere no igualar a obediencia (que implica una posición acrítica), ya que desde el punto de vista teórico, al menos, puede ser una característica de personalidad independiente del miedo.	
ld0065	¿A quién está dirigido el cuestionario?	AD	-	
ld0067	¿Cuánto aumentó el uso de computadoras desde la pandemia?	AD	En particular, llama la atención que el tráfico proveniente de dispositivos de escritorio (computadoras personales y laptops) aumentó [casi 150%] usando la misma referencia y cerca de 70% en dispositivos móviles (celulares) y tablets.	
ld0067	¿Cuántas personas teletrabajan en Uruguay?	AD	-	
ld0067	¿Cuántas personas acceden a internet por computadora?	AD	-	
ld0067	¿Cuántas personas acceden a internet por celular?	AD	-	
ld0067	¿Qué personas prefieren acceder a internet por computadora?	AD	-	
ld0069	¿Quién es el secretario general de la OMS?	AD	En una conferencia de prensa virtual ofrecida desde la sede de la entidad ubicada en la ciudad suiza de Ginebra, el secretario general de la Organización Mundial de la Salud (OMS), [el etíope Tedros Adhanom Ghebreyesus], advirtió que la nueva cepa de coronavirus va a estar presente en todo el mundo “durante mucho tiempo”, que sigue siendo “extremadamente peligrosa” y que la “mayoría de la población” sigue siendo susceptible de infectarse.	
ld0069	¿Cuándo se pronostica que va a terminar la pandemia?	AD	-	
ld0069	¿Cuánto se pronostica que va a durar la pandemia?	AD	-	
ld0069	¿Cuál es la cepa de Covid más peligrosa hasta ahora?	AD	-	
ld0070	¿Cuántas personas sufrirán la hambruna en 2020?	AD	Un informe del Programa Mundial de Alimentos de las Naciones Unidas (WFP, por sus siglas en inglés) estima que a finales de este año [más de 250 millones] de personas padecerán hambre aguda en el mundo a causa de la pandemia de covid-19.	
ld0070	¿Cuántas personas sufrirán la hambruna en 2020?	AD	El organismo prevé que el número de personas que hacen frente a la inseguridad alimentaria aguda aumentará a [265 millones] en 2020, lo que significa un aumento de 130 millones que se suman a los registrados en 2019, que fueron 135 millones.	
ld0070	¿Cuáles son los países más afectados por la hambruna?	AD	De acuerdo con el organismo, los países que padecieron el año pasado las peores crisis fueron [Yemen, República Democrática del Congo, Afganistán, Venezuela, Etiopía, Sudán del Sur, Siria, Sudán, Nigeria y Haití].	
ld0070	¿Quién predice la hambruna en el mundo a causa del Covid?	AD	Un informe del [Programa Mundial de Alimentos de las Naciones Unidas (WFP, por sus siglas en inglés)] estima que a finales de este año más de 250 millones de personas padecerán hambre aguda en el mundo a causa de la pandemia de covid-19.	
ld0072	¿Cuánto duró la cuarentena en Estados Unidos?	AD	-	
ld0072	¿Cuáles fueron las zonas de Estados Unidos más afectadas por el Covid?	AD	-	
ld0072	¿Cuántas muertes por Covid hubo en Estados Unidos?	AD	-	
ld0077	¿Qué países reanudaron los entrenamientos de fútbol?	AD	El tema en cuestión en el fútbol es la posible vuelta a los entrenamientos, algo que ocurrió [al menos en dos países europeos: Alemania y Portugal].	
ld0077	¿Cuándo se van a retomar los entrenamientos de fútbol?	AD	“La idea es hacer un trabajo serio, en conjunto con las autoridades; [no se habló de fechas]”, cerró Duarte.	
ld0077	¿Quién está evaluando volver a los entrenamientos de fútbol?	AD	-	
ld0080	¿Cuántas personas son consideradas aglomeración?	AD	-	
ld0080	¿Cuánta distancia hay que mantener con las personas para no contagiarse?	AD	Por eso es importante: Mantener una distancia [mayor a un metro] de los demás.	!!!
ld0080	¿Cuánta distancia hay que mantener con las personas para no contagiarse?	AD	Mantener una distancia de [un metro o más] con otras personas (tengan o no el nuevo coronavirus, ya que pueden portarlo sin tener síntomas) y evitar las aglomeraciones.	
ld0080	¿Cuánto dura la enfermedad por Covid?	AD	-	
ld0080	¿Por cuánto tiempo es contagioso el Covid?	AD	-	
ld0080	¿Qué porcentaje de personas mueren por Covid?	AD	Si bien no hay datos definitivos sobre la tasa de letalidad del coronavirus en el mundo (principalmente por la cantidad de casos que hay sin diagnosticar y por las variaciones en el registro de fallecimientos), se estima que [alrededor de 2%] de las personas de todas las edades que han contraído la enfermedad han muerto, y que la letalidad aumenta progresivamente entre quienes tienen más de 60, 70 y 80 años. 	
ld0002	¿Cuándo empieza la temporada del mundial de Fórmula 1?	AR	La Fórmula 1 inicia la temporada en [julio].	
ld0002	¿Cuándo empieza la temporada del mundial de Fórmula 1?	AR	En [julio] comenzará la temporada del campeonato mundial de automovilismo, la Fórmula 1, “el más internacional de los torneos anuales”, como escribió Gabo Rochinotti en estas páginas.	
ld0004	¿Qué temores despierta el coronavirus?	AR	-	
ld0004	¿Quiénes se ven afectados por el coronavirus?	AR	-	
ld0005	¿Cómo se contagia el virus?	AR	-	
ld0005	¿Qué morbilidad tiene el coronavirus?	AR	-	
ld0006	¿Qué efecto tuvo la cuarentena en la realización de películas?	AR	Las múltiples cuarentenas instaladas alrededor del mundo fueron un golpe de knock out a la industria del cine, ya que, dentro de todas las artes, por su carácter colectivo y su costado industrial posiblemente sea –junto con el teatro– la más afectada, ya que con el drama de la covid-19 [han mermado los circuitos de exhibición y las posibilidades materiales de realizar películas].	
ld0006	¿Qué actividad artística fue la más afectada por la pendemia?	AR	Las múltiples cuarentenas instaladas alrededor del mundo fueron un golpe de knock out a [la industria del cine, ya que, dentro de todas las artes, por su carácter colectivo y su costado industrial posiblemente sea –junto con el teatro– la más afectada], ya que con el drama de la covid-19 han mermado los circuitos de exhibición y las posibilidades materiales de realizar películas.	
ld0006	¿Qué películas nuevas ofrece Netflix?	AR	[Largo viaje hacia la noche y Atlantique]: dos películas disponibles en Netflix que antes se solían limitar al circuito especializado.	
ld0006	¿Qué películas nuevas ofrece Netflix?	AR	Tomando en cuenta esto último, se abre la chance para recomendar dos películas que están a un clic de distancia y que en la mayoría de los días quedarían circunscritas a unas pocas salas especializadas: [Largo viaje hacia la noche, del chino Bi Gan, y Atlantique, de la francosenegalesa Mati Diop], dos films con distintos estilos que han circulado por un montón de festivales y que se anclan en un extraño juego de temporalidades.	
ld0009	¿Cuántos días de cuarentena hubo en España?	AR	Tras [42] días de confinamiento, los niños de menos de 14 años pueden salir de sus casas en España durante una hora al día, acompañados de un adulto y a una distancia máxima de un kilómetro de su casa.	
ld0009	¿Qué actividades al aire libre se permiten en España?	AR	-	
ld0012	¿Qué comercios se vieron afectados por la pandemia?	AR	-	
ld0012	¿Cuánto tiempo estuvieron cerrados los comercios durante la pandemia?	AR	-	
ld0073	¿Quién recomienda las medidas sanitarias en Uruguay?	AD	-	
ld0073	¿Cuántos casos de Covid había en Uruguay en la semana del 1 de mayo 2020?	AD	-	
ld0079	¿Cuántas empresas cerraron por la pandemia?	AD	-	
ld0079	¿Qué porcentaje de empresas están desconformes con las medidas del gobierno en pandemia?	AD	Encuesta de la Cámara de Comercio: [58%] de las empresas consideran que medidas del gobierno son “insuficientes” o “discordantes”	
ld0079	¿Cuántas personas están en seguro de paro?	AD	-	
ld0082	¿Cuándo es la Feria Judicial Sanitaria?	AD	Pero debido a la pandemia y a la cuarentena, [desde el 14 de marzo del corriente año, la Suprema Corte de Justicia (SCJ, órgano máximo de nuestro Poder Judicial) resolvió comenzar una Feria Judicial Sanitaria que en principio se extenderá, según la propia SCJ, hasta el jueves 30 de abril].	
ld0082	¿Quiénes hacen la Feria Judicial Sanitaria?	AD	-	
ld0082	¿Cuánto dura la Feria Judicial Sanitaria?	AD	-	
ld0083	¿Cuándo se interrumpieron las funciones teatrales a causa de la pandemia?	AD	[El 13 de marzo], en el momento en que Uruguay declaraba estado de emergencia sanitaria, con el equipo de Doméstica realidad nos encontrábamos en la sala Atahualpa del teatro El Galpón, donde nos preparábamos para nuestra segunda función con público.	
ld0083	¿Cuántas salas teatrales tuieron que suspender sus funciones?	AD	-	
ld0083	¿Cuántas funciones se suspendieron a causa de la pandemia?	AD	-	
mp0061	¿En qué parte de Argentina se detectaron los casos?	SGoy	-	
mp0061	¿Cuándo se detectó el primer caso de la variante delta?	SGoy	-	
mp0061	¿Cuántos casos de covid hay en Argentina?	SGoy	-	
mp0061	¿Cuántos casos se detectaron en total?	SGoy	La ministra de Salud de Argentina, Carla Vizzotti, informó este martes que diez de los [202] contagios detectados en el país con la variante delta de la covid-19 no tienen origen rastreable a un caso importado.	
mp0062	¿Cuántos casos de covid hay en Alemania?	SGoy	-	
mp0062	¿Cuántos casos de covid se detectaron hoy en Alemania?	SGoy	En las últimas 24 horas se verificaron [3.668] nuevas infecciones y cuatro fallecidos con o por coronavirus.	
mp0062	¿Qué vacuna se está usando en Alemania?	SGoy	-	
mp0063	¿Qué vacuna contra el covid se está usando en Israel?	SGoy	-	
mp0063	¿Cuántos casos de covid hubo hoy en Israel?	SGoy	El Ministerio de Sanidad informó este lunes de [6.467] nuevos positivos, lo que eleva a 994.615 el balance provisional de casos de COVID-19 desde el inicio de la pandemia.	
mp0063	¿Cuántos casos de covid acumulados hubo en Israel?	SGoy	El Ministerio de Sanidad informó este lunes de 6.467 nuevos positivos, lo que eleva a [994.615] el balance provisional de casos de COVID-19 desde el inicio de la pandemia.	
mp0064	¿Cuándo se dio el primer caso de covid en China?	SGoy	Desde la aparición de los primeros casos de covid en el país, [a finales del 2019], se trata del brote más importante en términos geográficos.	
mp0064	¿Cuánta gente murio por covid hoy en China?	SGoy	-	
mp0065	¿Cuántos casos de covid se detectaron hoy en Nueva Zelanda?	SGoy	Las autoridades registraron hoy [34] nuevos contagios locales, lo que supone un total de 107 casos desde el pasado martes.	
mp0065	¿Qué vacuna se está usando en Nueva Zelanda?	SGoy	-	
ld0303	¿Cuántos casos de covid hubo hoy en Nueva York?	SGoy	-	
ld0303	¿Cuántas personas murieron por covid en Nueva York?	SGoy	El estado de Nueva York, y en particular la ciudad del mismo nombre, han sido las zonas más afectadas del país por la pandemia, con [más de 7.000] fallecidos y casi 175.000 personas infectadas.	
ld304	¿Cuántas muertes hubo en España por covid?	SGoy	España es ya el segundo país del mundo con mayor número de casos confirmados de coronavirus, con más de 157.000, un número que sólo supera Estados Unidos, y la cifra de muertos es [más de 15.800], sólo superada por Italia.	
ld304	¿Cuándo comenzó el confinamiento en España?	SGoy	-	
ld0201	¿Qué medidas tomó Angela Merkel para flexibilizar la cuarentena?	LC	[Las escuelas de todo el país reabrirán sus puertas] nuevamente el 4 de mayo; en principio, los primeros en retornar a las aulas serán los estudiantes que cursan sus últimos años, tanto en la educación primaria como en la secundaria, informó la mandataria en una conferencia de prensa.	
ld0201	¿Qué medidas tomó Angela Merkel para flexibilizar la cuarentena?	LC	Además, a partir del lunes [podrán volver a funcionar, respetando un protocolo de actuación que garantice la higiene de empleados y clientes, los comercios de hasta 800 metros cuadrados, así como las librerías y los concesionarios de automóviles]; este último es uno de los sectores más pujantes de la hoy alicaída economía germana.	
ld0201	¿Qué medidas tomó Angela Merkel para flexibilizar la cuarentena?	LC	Entre las medidas de normalización, también se estima que en mayo [volverán a jugarse los campeonatos de fútbol profesional], aunque con fuertes medidas restrictivas y obviamente sin público en las tribunas.	
ld0201	¿Cuántos casos de covid-19 hay en Alemania?	LC	De acuerdo a cifras oficiales, en el país, en el que viven algo más de 83 millones de personas, se diagnosticó con covid-19 a [134.753] y se adjudicó a esta causa la muerte de 3.804.	
ld0201	¿Cuántos muertos por covid-19 hay en Alemania?	LC	De acuerdo a cifras oficiales, en el país, en el que viven algo más de 83 millones de personas, se diagnosticó con covid-19 a 134.753 y se adjudicó a esta causa la muerte de [3.804].	
ld0202	¿Cuánto dinero aporta Estados Unidos a la OMS?	LC	Estados Unidos es el principal aportante de la OMS, ya que su contribución supone [22% del total de su presupuesto].	
ld0202	¿Dónde se originó la pandemia de covid-19?	LC	-	
ld0202	¿Quién es el presidente de Estados Unidos?	LC	La decisión de [Donald Trump] de no financiar más a la Organización Mundial de la Salud (OMS), tras acusarla de encubrir la expansión del coronavirus, provocó una oleada de críticas a nivel internacional.	
ld0203	¿Quién es el presidente de Argentina?	LC	La falta de fondos necesarios para paliar la grave crisis económica que atraviesa Argentina, que se vio, al igual que el resto del mundo, notoriamente dañada por la pandemia de coronavirus, llevó al gobierno que encabeza [Alberto Fernández] a tomar medidas excepcionales.	
ld0203	¿Cuánto dinero recaudará Argentina con su impuesto a las grandes fortunas?	LC	Gobierno argentino calcula que recaudará algo más de [3.000 millones de dólares] con el impuesto a las grandes fortunas del país	
ld0203	¿Cuánto dinero recaudará Argentina con su impuesto a las grandes fortunas?	LC	De acuerdo a los cálculos preliminares, el gobierno espera recaudar una cifra algo superior a [3.000 millones de dólares], de acuerdo con lo que reveló el diputado oficialista Carlos Heller, quien encabeza la redacción de la normativa, según consignó Tiempo Argentino.	
ld0203	¿Quiénes deben pagar el impuesto a las grandes fortunas de Argentina?	LC	El nuevo tributo gravaría a [las personas físicas con riquezas por encima de los tres millones de dólares y también alcanzaría a los patrimonios y ganancias empresariales].	
ld0204	¿En qué fecha se iba a jugar el Tour de Francia?	LC	-	
ld0204	¿Cuántos casos de coronavirus hay en Francia?	LC	-	
ld0204	¿Qué ciudades atraviesa el Tour de France?	LC	La carrera por etapas más importante del mundo tendrá largada en [Niza] –donde también llegará ese mismo día– y, tras 21 etapas, tendrá su punto final en los Campos Elíseos de París.	
ld0204	¿Qué ciudades atraviesa el Tour de France?	LC	La carrera por etapas más importante del mundo tendrá largada en Niza –donde también llegará ese mismo día– y, tras 21 etapas, tendrá su punto final en los Campos Elíseos de [París].	
ld0205	¿Cuándo se suspendió la LUB?	LC	-	
ld0205	¿Cuándo vuelven a jugarse los partidos de la Liga Uruguaya de Básquetbol?	LC	La LUB vuelve en [setiembre]	
ld0205	¿Cuándo vuelven a jugarse los partidos de la Liga Uruguaya de Básquetbol?	LC	Así lo hizo saber el Consejo de la Liga, que resolvió la reanudación de los play off en [setiembre] y con público en las tribunas.	
ld0205	¿Cuántos partidos de la LUB se suspendieron debido al covid?	LC	Para el comienzo de los play off [falta una etapa], pero los clasificados están definidos: Olimpia, Malvín, Nacional, Trouville, Defensor Sporting, Hebraica y Macabi, Aguada y Urunday Universitario.	
mp0041	¿Qué departamentos de Uruguay tienen casos de covid?	LC	-	
mp0041	¿Cuántos contagiados de coronavirus hay en Montevideo?	LC	-	
mp0041	¿Cuántos enfermos de covid-19 hay en Canelones?	LC	-	
ld0206	¿Cuántas camas de CTI hay?	LC	Si ahora tomamos sólo las camas de cuidados intensivos y cuidados intermedios, los datos del MSP nos dicen que hay [881] (691 en las mutuales y 190 en ASSE), lo que da 2,6 camas cada 10.000 habitantes, también con liderazgo en la región.	
ld0206	¿Cuántos casos de covid-19 hay?	LC	-	
ld0206	¿Cuántas camas de CTI están ocupadas?	LC	-	
ld0207	¿Cuántos estudiantes de primaria tomarán clases virtuales?	LC	-	
ld0207	¿Qué carreras de UTU se harán de forma virtual?	LC	Este escenario cambió cuando, hace pocas semanas, el consejo resolvió que [todas] las carreras terciarias de UTU tuvieran también su espacio en la virtualidad.	
ld0207	¿Hasta cuándo se suspenden las clases presenciales?	LC	-	
ld0208	¿Desde cuándo están cerradas las policlínicas?	LC	[Luego de que se conocieran los primeros casos de covid-19], ASSE cerró las policlínicas barriales y los funcionarios que trabajaban en ellas pasaron a los centros de salud de ASSE.	
ld0208	¿Cuándo reabren las policlínicas?	LC	-	
ld0208	¿Qué policlínicas están cerradas debido al covid?	LC	Según el relevo realizado por Sumefac, son 48 las policlínicas de ASSE que permanecen cerradas en el área metropolitana: [Las Acacias, Los Reyes, Aquiles Lanza (dependientes del centro de salud Misurraco); 24 de Junio, Don Bosco, El Eje, Monarca, Villa Farré (centro de salud Jardines del Hipódromo); Autódromo, Rambla, Don Arturo, Médanos, Colinas de Solymar, Melvin Jones (centro de salud Ciudad de la Costa); Penino, Santiago Vázquez (centro de salud Ciudad del Plata); Los Bulevares, Las Torres, Villa Sarandí, 6 de Diciembre, Villa Teresa, Las Flores, Espartaco (centro de salud Paso de la Arena); Inve 19, Complejo América, San José, 25 de Agosto, Jardines de Peñarol (centro de salud Sayago); Casa de Mario, Club Polonio, Tito Borjas, 19 de Abril (centro de salud Cerro); Acción Promocional 18 de Julio (centro de salud Maroñas); Santa María, Capra, Cirilo, 23 de Diciembre, Fénix, Toledo Chico (centro de salud Badano Repeto); Manuel Liberoff, Delmira Agustini, Servando Gómez (centro de salud La Cruz de Carrasco); Casa Pueblo, Centro de Barrio (centro de salud Monterrey); La Casona (centro de salud Unión); Covimt 9, San Lorenzo, Legión de la Buena Voluntad (centro de salud Giordano)].	
ld0209	¿Cuántos proyectos de ley presentó el Frente Amplio para la emergencia sanitaria?	LC	La bancada de diputados del Frente Amplio (FA) redactó alrededor de [diez] proyectos de ley que atienden a la situación de emergencia sanitaria que sufre el país por la propagación del nuevo coronavirus.	
ld0209	¿Fueron aprobadas las propuestas del Frente Amplio sobre la emergencia sanitaria?	LC	-	
ld0209	¿Qué proyectos de ley presentó la coalición de gobierno para la emergencia sanitaria?	LC	-	
ld0210	¿Cuándo se reanudan las clases en las escuelas no rurales?	LC	-	
ld0210	¿Desde cuándo se mantienen cerradas las escuelas?	LC	-	
ld0210	¿Qué condiciones debe tener una escuela para poder reanudar sus clases?	LC	Como resultado de ese encuentro, se logró flexibilizar el inicio de clases: sólo comenzarán la semana que viene las [escuelas que estén habilitadas por el Sinae].	
ld0210	¿Qué condiciones debe tener una escuela para poder reanudar sus clases?	LC	Elbia Pereira, secretaria general de la Federación Uruguaya de Magisterio-Trabajadores de Educación Primaria (FUM-TEP), aseguró a la diaria que no comenzarán las 973 escuelas rurales, sino sólo [aquellas que tengan la aprobación sanitaria del Sinae], que tomará como insumo un informe que realizó el Consejo de Educación Inicial y Primaria (CEIP) para corroborar las distintas situaciones en las que se encuentran las instituciones.	
mp0042	¿Cuántos desocupados hay en América Latina?	LC	-	
mp0042	¿Cuál es el nivel de ingreso en América Latina?	LC	-	
mp0042	¿Cuántos niños tienen sobrepeso en Uruguay?	LC	-	
mp0066	¿Qué edad tenía el conductor de radio de EEUU que murió de covid?	SGoy	Phil Valentine, un popular conductor de un programa de radio en Nashville (sur de EE.UU.) de ideas conservadoras y reacio a las vacunas contra la covid-19, falleció a los [61 años] a causa de esa enfermedad, según informó la emisora.	
mp0066	¿Qué vacuna contra el covid se está usando en USA?	SGoy	-	
mp0068	¿Qué vacuna contra el covid se usa en Israel?	SGoy	-	
mp0068	¿Cuánta de la población de Israel está vacunada?	SGoy	[Cerca del 60%] de la población, de unos 9,3 millones de habitantes, ha completado la pauta de las dos dosis y con la de refuerzo Israel pretende contener las hospitalizaciones y los casos graves.	
mp0068	¿Cuánta gente murió en Israel a causa del covid?	SGoy	-	
mp0070	¿Qué centro educativo de Paysandú cerró por covid?	SGoy	El director de Salud de Paysandú, Carlos Leoni, señaló que el colegio “tuvo que interrumpir la presencialidad y continuar con clases virtuales”. El director de Salud de Paysandú, Carlos Leoni, informó este miércoles en conferencia de prensa que [un centro educativo privado] del departamento fue cerrado por un brote de coronavirus.	
mp0070	¿Hasta cuándo cerró el centro educativo de Paysandú?	SGoy	-	
ld0307	¿Cuándo se dio un cuello de botella en el Hospital Español?	SGoy	Finalmente, [en la tarde del jueves 9 de abril], una médica de familia del Cerro lo fue a ver a su casa y ordenó su traslado al Hospital Español.	
ld0307	¿Cuántos años tiene el paciente que esperó toda una noche en una ambulancia?	SGoy	-	
ld0307	¿Quién tuvo que esperar toda la noche en una ambulancia?	SGoy	La semana pasada, [Martín Mesa] empezó con fiebre alta y tos seca. Su familia llamó en varias instancias al número 105, del Servicio de Atención Médica de Emergencia, pero no lograron que un médico lo fuera a ver.	
ld0309	¿Cuándo se supendieron las clases?	SGoy	-	
ld0309	¿Quién pidió no retomar las clases el 22 de abril?	SGoy	[La Sociedad de Medicina Rural del Uruguay (Someruy)] manifestó su desacuerdo con la decisión del gobierno de retomar las clases presenciales en 973 escuelas rurales de todo el país, a excepción de Canelones, el miércoles 22 de abril.	
ld0309	¿Cuándo se piensa retomar las clases presenciales?	SGoy	La Sociedad de Medicina Rural del Uruguay (Someruy) manifestó su desacuerdo con la decisión del gobierno de retomar las clases presenciales en 973 escuelas rurales de todo el país, a excepción de Canelones, [el miércoles 22 de abril].	
ld0310	¿Qué es la FUM?	SGoy	En un comunicado hecho público este viernes, la Federación Uruguaya a de Magisterio (FUM), manifestó su rechazo a la determinación del Poder Ejecutivo de reanudar las clases en las escuelas rurales a partir del 22 de abril.	
ld0310	¿Cuándo se piensa reanudar las clases en las escuelas rurales?	SGoy	En un comunicado hecho público este viernes, la Federación Uruguaya a de Magisterio (FUM), manifestó su rechazo a la determinación del Poder Ejecutivo de reanudar las clases en las escuelas rurales a partir del [22 de abril].	
ld0313	¿Cuáles son los principales síntomas del covid?	SGoy	-	
ld0085	¿Por dónde se puede ver el seminario de Isol Misenta?	AD	La autora e ilustradora argentina Isol Misenta, premiada con el Memorial Astrid Lindgren 2013, formará parte esta tarde a las 17.00 de un taller [a través del Instagram Live de @plastilinarte], leyendo parte de su libro Petit, el monstruo, que inspiró una serie animada infantil.	
ld0085	¿Cuándo va a ser el seminario de Isol Misenta?	AD	La autora e ilustradora argentina Isol Misenta, premiada con el Memorial Astrid Lindgren 2013, formará parte [esta tarde a las 17.00] de un taller a través del Instagram Live de @plastilinarte, leyendo parte de su libro Petit, el monstruo, que inspiró una serie animada infantil.	
ld0085	¿Quién es Isol Misenta?	AD	La [autora e ilustradora argentina] Isol Misenta, premiada con el Memorial Astrid Lindgren 2013, formará parte esta tarde a las 17.00 de un taller a través del Instagram Live de @plastilinarte, leyendo parte de su libro Petit, el monstruo, que inspiró una serie animada infantil.	
ld0085	¿A quién está dirigido el seminario de Isol Misenta?	AD	Taller de Isol Misenta y seminario online [para familias] en pandemia	
ld0086	¿Dónde se va a transmitir el encuentro virtual de diseño?	AD	Hasta el 25 de abril, [a través del canal en Instagram @latirfestival], diseñadores, ilustradores, emprendedores y creativos comparten experiencias profesionales desde sus hogares.	
ld0086	¿Quiénes participan del encuentro virtual de diseño?	AD	Hasta el 25 de abril, a través del canal en Instagram @latirfestival, [diseñadores, ilustradores, emprendedores y creativos] comparten experiencias profesionales desde sus hogares.	
ld0086	¿Quiénes participan del encuentro virtual de diseño?	AD	Este mediodía participan, desde España, [Palo y Nuel, un dúo creativo que trabaja bajo el nombre de Estudio Santa Rita], y a las 20.00 estará en línea el ilustrador, dibujante y músico autodidacta peruano Amadeo Gonzales; mañana a partir de las 16.00 Choper Nawers, desde México, instruirá sobre “cómo sobrevivir a la depresión del talento ajeno”, en tanto a las 20.00 San Spiga, un “trabajador de la imagen” argentino, estará dando su visión bajo la consigna “se hace, se aprende”.	
ld0086	¿Quiénes participan del encuentro virtual de diseño?	AD	Este mediodía participan, desde España, Palo y Nuel, un dúo creativo que trabaja bajo el nombre de Estudio Santa Rita, y a las 20.00 estará en línea el ilustrador, dibujante y músico autodidacta peruano [Amadeo Gonzales]; mañana a partir de las 16.00 Choper Nawers, desde México, instruirá sobre “cómo sobrevivir a la depresión del talento ajeno”, en tanto a las 20.00 San Spiga, un “trabajador de la imagen” argentino, estará dando su visión bajo la consigna “se hace, se aprende”.	
ld0086	¿Quiénes participan del encuentro virtual de diseño?	AD	Este mediodía participan, desde España, Palo y Nuel, un dúo creativo que trabaja bajo el nombre de Estudio Santa Rita, y a las 20.00 estará en línea el ilustrador, dibujante y músico autodidacta peruano Amadeo Gonzales; mañana a partir de las 16.00 [Choper Nawers], desde México, instruirá sobre “cómo sobrevivir a la depresión del talento ajeno”, en tanto a las 20.00 San Spiga, un “trabajador de la imagen” argentino, estará dando su visión bajo la consigna “se hace, se aprende”.	
ld0086	¿Quiénes participan del encuentro virtual de diseño?	AD	Este mediodía participan, desde España, Palo y Nuel, un dúo creativo que trabaja bajo el nombre de Estudio Santa Rita, y a las 20.00 estará en línea el ilustrador, dibujante y músico autodidacta peruano Amadeo Gonzales; mañana a partir de las 16.00 Choper Nawers, desde México, instruirá sobre “cómo sobrevivir a la depresión del talento ajeno”, en tanto a las 20.00 [San Spiga], un “trabajador de la imagen” argentino, estará dando su visión bajo la consigna “se hace, se aprende”.	
ld0086	¿Quiénes participan del encuentro virtual de diseño?	AD	El viernes 24 a las 16.00 la uruguaya [Sasha Natasha] hablará de lettering en tiempos de cuarentena, y a las 20.00 su compatriota Martín Azambuja, actualmente contratado por Pentagram, de Nueva York, contará sus novedades.	
ld0086	¿Quiénes participan del encuentro virtual de diseño?	AD	El viernes 24 a las 16.00 la uruguaya Sasha Natasha hablará de lettering en tiempos de cuarentena, y a las 20.00 su compatriota [Martín Azambuja], actualmente contratado por Pentagram, de Nueva York, contará sus novedades.	
ld0086	¿Quiénes participan del encuentro virtual de diseño?	AD	La última jornada empezará a las 12.00 con el uruguayo [Berch Kotogian], marcado por el street art aunque aprecia “la potencia de la comunicación visual en todas sus formas”, algo que ahora aplica al diseño de logos para clientes de todas partes, desde Valencia.	
ld0086	¿Quiénes participan del encuentro virtual de diseño?	AD	El sábado hablarán además el diseñador gráfico e ilustrador marplatense [Panco Sassano] a las 16.00 y Pepita Sandwich a las 20.00, contando sobre una trayectoria que comenzó con el diseño textil, exploró la fotografía y la ilustración y el año pasado la llevó a completar un postgrado en Cómic en The Center for Cartoon Studies, en Vermont.	
ld0086	¿Quiénes participan del encuentro virtual de diseño?	AD	El sábado hablarán además el diseñador gráfico e ilustrador marplatense Panco Sassano a las 16.00 y [Pepita Sandwich] a las 20.00, contando sobre una trayectoria que comenzó con el diseño textil, exploró la fotografía y la ilustración y el año pasado la llevó a completar un postgrado en Cómic en The Center for Cartoon Studies, en Vermont.	
ld0086	¿Cuándo se va a desarrollar el encuentro virtual de diseño?	AD	[Hasta el 25 de abril], a través del canal en Instagram @latirfestival, diseñadores, ilustradores, emprendedores y creativos comparten experiencias profesionales desde sus hogares.	
ld0091	¿Cuándo comenzó la pandemia en Italia?	AD	-	
ld0091	¿Quién es el Primer Ministro de Italia?	AD	El primer ministro italiano, [Giuseppe Conte], se presentó ayer en el Senado y presentó la estrategia que tiene pensado llevar adelante su gobierno para comenzar a reabrir el país, uno de los más castigados del mundo por la pandemia de coronavirus.	
ld0091	¿Quién es el Ministro de Salud de Italia?	AD	-	
ld0091	¿Cuándo comienza la reapertura tras la pandemia en Italia?	AD	En su exposición ante los legisladores, Conte brindó detalles sobre la denominada “fase dos” de la reapertura gradual del país, que será [a partir del 4 de mayo].	fase 2 es la reapertura?
ld0092	¿Qué es la OPS?	AD	En una conferencia de prensa virtual realizada este martes, la directora de [la Organización Panamericana de la Salud] (OPS), Carissa Etienne, pidió a los países americanos realizar en forma gratuita los test de diagnóstico de covid-19, a la vez que advirtió que levantar abruptamente las medidas de confinamiento y aislamiento social traerá una nueva “ola” de contagios.	
ld0092	¿Quién es el presidente de la OPS?	AD	En una conferencia de prensa virtual realizada este martes, la directora de la Organización Panamericana de la Salud (OPS), [Carissa Etienne], pidió a los países americanos realizar en forma gratuita los test de diagnóstico de covid-19, a la vez que advirtió que levantar abruptamente las medidas de confinamiento y aislamiento social traerá una nueva “ola” de contagios.	
ld0092	¿Cuánto cuestan los test de Covid?	AD	-	
ld0092	¿Cuáles tipos de test de Covid existen?	AD	-	
ld0093	¿Cuándo se decretó la cuarentena en la Argentina?	AD	[Al cumplirse un mes] de la cuarentena obligatoria impuesta por el Ejecutivo que él preside para detener la propagación del coronavirus, el presidente argentino, Alberto Fernández, publicó en sus redes sociales un mensaje en el que manifestó “orgullo” por el comportamiento del pueblo en esta situación tan particular.	!!!
ld0093	¿Cuándo apareció el primer caso de Covid en la Argentina?	AD	Desde que se diagnosticó el primer caso de covid-19 en el país, [el 3 de marzo], el gobierno comenzó a implementar medidas drásticas de aislamiento que permitieron controlar el brote.	
ld0093	¿Dónde apareció el primer caso de Covid en la Argentina?	AD	-	
mp0011	¿Cuántas personas tienen la app de Coronavirus.uy?	AD	Aumentan las alertas de exposición en la app CoronavirusUY, [662.234] personas la bajaron	
mp0011	¿Cuántas personas tienen la app de Coronavirus.uy?	AD	"Al pasado domingo (15 de noviembre) [unas 662.234] personas se habían bajado la aplicación Coronavirus UY", dijo Orefice y explicó que hubo "414.783 activaciones de alertas de exposición".	
mp0011	¿Quién es el director del programa salud.uy?	AD	[Pablo Orefice], director del programa Salud.uy, dijo a Montevideo Portal que  hubo “414.783 activaciones de alertas de exposición”.	
mp0011	¿Cuándo se activa la alerta de exposición en la app Coronavirus.uy?	AD	-	
mp0013	¿Quién es Salinas?	AD	[El ministro de Salud], Daniel Salinas, se expresó este sábado a propósito de la multitudinaria Marcha por la Diversidad celebrada el viernes por la tarde.	
mp0013	¿Qué marcha fue criticada por Salinas?	AD	El ministro de Salud, Daniel Salinas, se expresó este sábado a propósito de la multitudinaria [Marcha por la Diversidad] celebrada el viernes por la tarde.	
mp0013	¿Cuántas personas se estima que acudieron a la marcha?	AD	-	
mp0014	¿Dónde es Puente San Martín?	AD	Tras realizarse hisopados en [el paso fronterizo entre Fray Bentos y Gualeguaychú] se constató el primer caso positivo de COVID-19 en la zona.	
mp0014	¿Quién fue el primer caso positivo en puente San Martín?	AD	Se trata de [un camionero argentino] que ingresó al país el 22 de julio y regresó a Argentina este viernes.	
mp0014	¿Quién fue el primer caso positivo en puente San Martín?	AD	Se trata de [un camionero argentino] que ingresó a Uruguay el 22 de julio y regresó este viernes en lastre tras descargar en Montevideo, según informó el Canal 11 de Fray Bentos.	
mp0014	¿Cuándo se detectó el primer caso positivo en puente San Martín?	AD	-	
ld0101	¿Quién es el secretario de Presidencia?	GM	La medida rige para funcionarios y clientes, anunció el secretario de Presidencia, [Álvaro Delgado].	
ld0101	¿Quiénes deben usar tapabocas? 	GM	Delgado explicó que el gobierno adoptó la medida en acuerdo con la Asociación de Supermercados y que esta aplica para “[clientes y funcionarios de esos centros comerciales]”. 	
ld0102	¿En cuántas escuelas rurales comenzarán las clases?	GM	-	
ld0102	¿Cuántos maestros comienzan las clases? 	GM	La concurrencia por parte de los niños es voluntaria, pero si fueran todos se estima que a partir de este miércoles se movilizarían unos 4.000 estudiantes, [unos 560] maestros, y un auxiliar de servicio por escuela, informó a la diaria el director de Educación para el Medio Rural del Consejo de Educación Inicial y Primaria (CEIP), Limber Santos. 	
ld0103	¿Cuándo se inició el confinamiento? 	GM	-	
ld0103	¿Qué institución preside Rafael Radi? 	GM	Rafael Radi, presidente de la [Academia Nacional de Ciencias] e integrante del grupo de trabajo que asesorará al gobierno en las medidas a adoptar para enfrentar la pandemia de covid-19, dijo este martes en el programa En Perspectiva que, desde el punto de vista científico, no hay problema en hacer uso de los espacios públicos abiertos si se guarda la separación física recomendada.	
ld0104	¿Quién ha dejado de usar tapabocas? 	GM	-	
ld0104	¿Qué ministerio controla las restricciones? 	GM	“Nos preguntan si hemos cesado en nuestra exhortación desde el [Ministerio del Interior] a mantener la restricción en cuanto a la movilidad de nuestros hogares. 	
ld0105	¿Cuál fue el primer equipo en volver a practicar en Portugal? 	GM	[Nacional de Portugal], donde milita el ex Progreso Anthony Sosa, había sido el primer equipo del país en volver a los entrenamientos.	
ld0105	¿Cuándo volvieron los equipos a entrenar en Portugal? 	GM	-	
ld0106	¿Qué significa la sigla ONU?	GM	El ministro de Relaciones Exteriores, Ernesto Talvi, destacó este martes el reconocimiento de las Oficinas Regionales del Alto Comisionado de [Organización de las Naciones Unidas] (ONU) para los Derechos Humanos en relación a las acciones llevadas adelante para que los ciudadanos de otros países que estaban en Uruguay volvieran a su lugar de origen, así como las acciones que el gobierno llevó a cabo para que los uruguayos varados en el exterior pudieran retornar.	
ld0106	¿Qué autoridad de la ONU reconoció el trabajo de Uruguay?	GM	-	
ld0107	¿Qué oficina anunció la medida del gobierno de invertir en comprar estudios de covid-19?	GM	En una resolución publicada por la [Unidad Centralizada de Adquisiciones del Ministerio de Economía y Finanzas (MEF)] se informa sobre los beneficiarios de la compra directa publicada el 10 de abril, en el marco de la emergencia sanitaria por la pandemia.	
ld0107	¿Cuánto invertirá el gobierno uruguayo en dólares para comprar estudios diganósticos y tomas de muestras?	GM	El gobierno tiene previsto invertir hasta 345,9 millones de pesos ([casi ocho millones de dólares]) en la compra de tomas de muestras y de estudios diagnósticos por PCR para covid-19. Este monto será financiado por el denominado Fondo Solidario Covid-19. 	
ld0108	¿Cuántas empresas pertenecen al CGU?	GM	Hasta el momento son [alrededor de 180] las empresas miembros del Colectivo Gastronómico Uruguay (CGU), que mediante un documento fechado el 13 de abril se presenta como “un conglomerado de actores gastronómicos preocupados por las dificultades del sector”, que aspira a aunar esfuerzos para “iluminar un camino de dificultades” causadas por el arribo a Uruguay de la covid-19.	
ld0108	¿Cuántos empleados del Colectivo Gastronómico fueron enviados al seguro de paro?	GM	-	
ld0109	¿Quién es el vocero de Comida para Héores? 	GM	“Fue de manera impulsiva: sentíamos que teníamos que hacer algo por los equipos de salud y el primer día decidimos llevar unas viandas al Maciel”, resume [Shai Steinhaus], portavoz de Comida para Héroes, un grupo nucleado en torno al bar Rumba (Héctor Miranda y Ellauri), desde los dueños hasta los encargados y el cocinero.	
ld0109	¿Dónde queda el bar Rumba?	GM	“Fue de manera impulsiva: sentíamos que teníamos que hacer algo por los equipos de salud y el primer día decidimos llevar unas viandas al Maciel”, resume Shai Steinhaus, portavoz de Comida para Héroes, un grupo nucleado en torno al bar Rumba ([Héctor Miranda y Ellauri]), desde los dueños hasta los encargados y el cocinero.	
ld0111	¿Cuánto dinero aportará la fundación Mario Benedetti a los afectados por la COVID-19?	GM	Así, y para cumplir a cabalidad el legado del escritor, se creó un fondo que cuenta, en principio, con [180.000 pesos uruguayos] (se han “iniciado contactos” para que entidades públicas y privadas también contribuyan), que serán distribuidos en 36 bonos de 5.000 pesos cada uno. Podrán solicitar esta ayuda escritores y escritoras que vivan en Uruguay (con ciudadanía uruguaya o residencia legal en el país) y que completen el formulario de registro que está en la página web de la fundación.	
ld0111	¿Cuántos bonos se repartirán por la fundación? 	GM	Así, y para cumplir a cabalidad el legado del escritor, se creó un fondo que cuenta, en principio, con 180.000 pesos uruguayos (se han “iniciado contactos” para que entidades públicas y privadas también contribuyan), que serán distribuidos en [36] bonos de 5.000 pesos cada uno. Podrán solicitar esta ayuda escritores y escritoras que vivan en Uruguay (con ciudadanía uruguaya o residencia legal en el país) y que completen el formulario de registro que está en la página web de la fundación.	
ld0112	¿Quién es el ministro de Trabajo de Argentina?	GM	En una conferencia de prensa realizada este lunes en la Casa Rosada los ministros de Desarrollo Productivo, Matías Kulfas, y de Trabajo, [Claudio Moroni], hicieron una serie de anuncios de decisiones que el Ejecutivo que encabeza Alberto Fernández adoptó para paliar los efectos nocivos de la pandemia de covid-19 sobre las empresas y trabajadores.	
ld0112	¿Cuántos trabajadores se verán afectados por la medida del gobierno argentino?	GM	-	
ld0113	¿Cuántas personas están en cuarentena en Alemania?	GM	-	
ld0113	¿Cuántas personas han muerto por Covid-19 en Alemania?	GM	Desde que la nueva cepa viral llegó a Alemania se diagnosticaron algo más de 146.000 casos y se atribuyó la muerte por covid-19 a [algo menos de 4.700] personas.	
ld0114	¿Cuántos muertos ha habido en Paraguay por COVID-19?	GM	Se confirmaron 208 contagios y [ocho] muertes atribuidas a la covid-19. 	
ld0114	¿Quién es el presidente de Paraguay? 	GM	Una de esas iniciativas, presentada en el Senado por el centroizquierdista Frente Guasú, pedía al Ejecutivo de [Mario Abdo Benítez] que se restablecieran las relaciones con China.	
ld0117	¿De quién depende la Comisión Académica de Posgrados?	GM	Educarse en ciencias en Uruguay ha sido siempre una tarea muy difícil, incluso en nuestros días, con programas de posgrado establecidos y reputados como el Programa de Desarrollo de las Ciencias Básicas (Pedeciba) y la Comisión Académica de Posgrados (de la [Universidad de la República], Udelar), y en entornos mucho más favorables en cuanto a financiación de proyectos y disponibilidad de becas de maestría y doctorado.	
ld0117	¿Quién proporciona las becas de posgrado en Uruguay?	GM	-	
mp0021	¿En qué empresa trabaja Milano? 	GM	Sobre esto conversó en la mañana de este martes Emiliano Cotelo, conductor de En Perspectiva en Radiomundo, con el ingeniero Gastón Milano, gerente del equipo de investigación y desarrollo de la empresa [GeneXus].	
mp0021	¿Cómo se llama la aplicación presentada? 	GM	El Poder Ejecutivo presentó este lunes la nueva versión de la aplicación [CoronavirusUy] desarrollada junto a Google y Apple.	
mp0022	¿Cuántas personas han bajado la aplicación?	GM	El ingeniero explicó que [cerca de 350.000] personas bajaron la aplicación, pero deben actualizarla para acceder a las alertas. 	
mp0022	¿En qué empresa trabaja Nicolás Jodal? 	GM	-	
mp0023	¿Quién es Paganini?	GM	El [ministro de Industria, Energía y Minería], Omar Paganini, el ministro de Salud Pública, Daniel Salinas y el ingeniero Nicolás Jodal brindaron una conferencia de prensa este lunes para brindar algunos detalles de la nueva actualización de la app Coronavirus Uy, que a partir de este lunes añadió las alertas de exposición.	
mp0023	¿Quién es Nicolás Jodal? 	GM	-	
mp0024	¿Quién desarrolló la aplicación? 	GM	-	
mp0024	¿Cómo se llama la aplicación que incluye las alertas de exposición?	GM	Ya puede descargarse la app [Coronavirus.uy] con las alertas de exposición del virus.	
ld0001	¿Cuándo se podrán retomar las clases presenciales en la educación terciaria?	etapa1	-	
ld0001	¿Cuándo se retoman las clases presenciales en las universidades privadas?	etapa1	-	
ld0001	¿Cuándo se retoma la presencialidad en las universidades privadas?	etapa1	-	
ld0001	¿Cuándo se retomaría la presencialidad en la universidad?	etapa1	-	
ld0001	¿Cuándo se suspendieron los cursos presenciales?	etapa1	-	
ld0001	¿Cuándo se van a retomar las clases presenciales en la UDELAR?	etapa1	-	
ld0001	¿Cuántas universidades hicieron una propuesta al MEC para retomar clases presenciales en mayo?	etapa1	-	
ld0001	¿Desde cuándo están suspendidas las clases presenciales en las universidades privadas?	etapa1	-	
ld0001	¿Desde cuánto están suspendidas las clases presenciales en las universidades?	etapa1	-	
ld0001	¿Dónde se retomarían las clases presenciales?	etapa1	El ministro de Educación y Cultura, Pablo Da Silveira, aseguró que su cartera está evaluando la propuesta de [las universidades privadas] de retomar algunos cursos presenciales en mayo y anunció que dará una respuesta en los próximos días.	
ld0001	¿El MEC puede realizar una contrapropuesta para aplazar el inicio de cursos presenciales?	etapa1	-	
ld0001	¿En qué consiste la propuesta?	etapa1	El ministro de Educación y Cultura, Pablo Da Silveira, aseguró que su cartera está evaluando la propuesta de las universidades privadas de [retomar algunos cursos presenciales en mayo] y anunció que dará una respuesta en los próximos días.	
ld0001	¿Qué medidas se tomarán para la asistencia a clases?	etapa1	El jerarca además explicó que su cartera tiene en “agenda” la preocupación de padres de centros de educación privados sobre el abono de cuotas, y estudia la  forma de “poder conciliar la seguridad sanitaria con un [regreso paulatino y seguro a clases]”. 	
ld0001	¿Qué universidades realizaron la propuesta?	etapa1	El ministro de Educación y Cultura, Pablo Da Silveira, aseguró que su cartera está evaluando la propuesta de [las universidades privadas] de retomar algunos cursos presenciales en mayo y anunció que dará una respuesta en los próximos días.	
ld0001	¿Qué universidades están pensando retomar la presencialidad?	etapa1	El ministro de Educación y Cultura, Pablo Da Silveira, aseguró que su cartera está evaluando la propuesta de [las universidades privadas] de retomar algunos cursos presenciales en mayo y anunció que dará una respuesta en los próximos días.	
ld0001	¿Qué universidades privadas quieren retomar las clases presenciales en mayo?	etapa1	-	
ld0001	¿Qué universidades propusieron remotar los cursos presenciales en mayo?	etapa1	El ministro de Educación y Cultura, Pablo Da Silveira, aseguró que su cartera está evaluando la propuesta de [las universidades privadas] de retomar algunos cursos presenciales en mayo y anunció que dará una respuesta en los próximos días.	
ld0078	¿Cuál es el porcentaje de asistencia luego de la vuelta a clases presenciales?	etapa1	La asistencia, por tanto, llegó a [36%] en el primer día.	
ld0078	¿Cuándo comenzaron las clases en escuelas rurales?	etapa1	De esas escuelas, cerca de 90 no recibieron alumnos; Santos estimó que [en la mañana del miércoles] 1.030 niños concurrieron a las escuelas, de un total de 3.900 que concurren a las 547 habilitadas y de 2.838 alumnos que tienen matriculadas las 344 escuelas que abrieron.	
ld0078	¿Cuándo comenzaron las clases en escuelas rurales?	etapa1	La situación de La Macana se repitió en varias de las escuelas que abrieron [este miércoles].	
ld0078	¿Cuándo comienzan las clases presenciales en el resto de escuelas del país?	etapa1	-	
ld0078	¿Cuándo se retomaron las clases presenciales en escuelas rurales?	etapa1	De esas escuelas, cerca de 90 no recibieron alumnos; Santos estimó que [en la mañana del miércoles] 1.030 niños concurrieron a las escuelas, de un total de 3.900 que concurren a las 547 habilitadas y de 2.838 alumnos que tienen matriculadas las 344 escuelas que abrieron.	
ld0078	¿Cuándo se retomaron las clases presenciales en escuelas rurales?	etapa1	La situación de La Macana se repitió en varias de las escuelas que abrieron [este miércoles].	
ld0078	¿Cuándo vuelven las clases presenciales a todas las escuelas?	etapa1	-	
ld0078	¿Cuántos alumnos están yendo a clase en las escuelas rurales?	etapa1	-	
ld0078	¿Cuántas escuelas rurales hay en Uruguay?	etapa1	De esas escuelas, cerca de 90 no recibieron alumnos; Santos estimó que en la mañana del miércoles 1.030 niños concurrieron a las escuelas, de un total de 3.900 que concurren a las [547] habilitadas y de 2.838 alumnos que tienen matriculadas las 344 escuelas que abrieron.	
ld0078	¿Cuántas escuelas rurales hay en Uruguay?	etapa1	De las [547] escuelas habilitadas abrieron 344, confirmó a La Diaria Limber Santos, director del departamento de Educación Rural del CEIP.	
ld0078	¿Cuántas escuelas rurales retomaron las clases presenciales?	etapa1	De las 547 escuelas habilitadas abrieron [344], confirmó a La Diaria Limber Santos, director del departamento de Educación Rural del CEIP.	
ld0078	¿Cuántas escuelas rurales retomaron las clases presenciales?	etapa1	De esas escuelas, cerca de 90 no recibieron alumnos; Santos estimó que en la mañana del miércoles 1.030 niños concurrieron a las escuelas, de un total de 3.900 que concurren a las 547 habilitadas y de 2.838 alumnos que tienen matriculadas las [344] escuelas que abrieron.	
ld0078	¿Cuántas escuelas rurales retomaron las clases presenciales?	etapa1	Comenzaron las clases presenciales en [344] escuelas rurales, con baja asistencia	
ld0078	¿Cuántas escuelas rurales volvieron a la presencialidad?	etapa1	Comenzaron las clases presenciales en [344] escuelas rurales, con baja asistencia	
ld0078	¿Cuántas escuelas rurales volvieron a la presencialidad?	etapa1	De las 547 escuelas habilitadas abrieron [344], confirmó a La Diaria Limber Santos, director del departamento de Educación Rural del CEIP.	
ld0078	¿Cuántas escuelas rurales volvieron a la presencialidad?	etapa1	De esas escuelas, cerca de 90 no recibieron alumnos; Santos estimó que en la mañana del miércoles 1.030 niños concurrieron a las escuelas, de un total de 3.900 que concurren a las 547 habilitadas y de 2.838 alumnos que tienen matriculadas las [344] escuelas que abrieron.	
ld0078	¿Cuántos estudiantes asistieron a las escuelas rurales en los primeros días de clase presencial?	etapa1	De esas escuelas, cerca de 90 no recibieron alumnos; Santos estimó que en la mañana del miércoles [1.030] niños concurrieron a las escuelas, de un total de 3.900 que concurren a las 547 habilitadas y de 2.838 alumnos que tienen matriculadas las 344 escuelas que abrieron.	
ld0078	¿Cuántos estudiantes asistieron a las escuelas rurales en los primeros días de clase presencial?	etapa1	La asistencia, por tanto, llegó a [36%] en el primer día.	
ld0078	¿El gobierno tiene planes para aumentar la asistencia a las escuelas rurales?	etapa1	-	
ld0078	¿En cuántas escuelas rurales comenzaron las clases?	etapa1	Comenzaron las clases presenciales en [344] escuelas rurales, con baja asistencia	
ld0078	¿En cuántas escuelas rurales comenzaron las clases?	etapa1	De las 547 escuelas habilitadas abrieron [344], confirmó a La Diaria Limber Santos, director del departamento de Educación Rural del CEIP.	
ld0078	¿En cuántas escuelas rurales comenzaron las clases?	etapa1	De esas escuelas, cerca de 90 no recibieron alumnos; Santos estimó que en la mañana del miércoles 1.030 niños concurrieron a las escuelas, de un total de 3.900 que concurren a las 547 habilitadas y de 2.838 alumnos que tienen matriculadas las [344] escuelas que abrieron.	
ld0078	¿En qué ciudad hay clases presenciales?	etapa1	-	
ld0078	¿En qué departamento fue la mayor asistencia? 	etapa1	-	
ld0078	¿En qué departamentos comenzaron las clases presenciales?	etapa1	-	
ld0078	¿Hay alguna alternativa virtual para los niños que no concurrieron a la clase presencial?	etapa1	En su escritorio cerca de la ventana preparaba algunos [materiales para enviar a sus 16 alumnos por Whatsapp], porque ninguno había ido en la mañana del miércoles.	
ld0078	¿Qué medidas se tomarán para la asistencia a la escuela?	etapa1	En su cuaderno, Rocío, de 11 años, copiaba desde el pizarrón el “cambio de hábitos”: desde una nube con la palabra “bienvenidos” salían flechas con lo que serán las nuevas costumbres: [utilizamos tapabocas, mantener distancia con los compañeros, lavado de manos más frecuente y con cuidados, alfombra con hipoclorito a la entrada, no compartir útiles y en el recreo jugar sin contacto] (los ejemplos eran la coronita y la escondida).	
ld0078	¿Qué protocolo se sigue para la asistencia a las escuelas rurales?	etapa1	En su cuaderno, Rocío, de 11 años, copiaba desde el pizarrón el “cambio de hábitos”: desde una nube con la palabra “bienvenidos” salían flechas con lo que serán las nuevas costumbres: [utilizamos tapabocas, mantener distancia con los compañeros, lavado de manos más frecuente y con cuidados, alfombra con hipoclorito a la entrada, no compartir útiles y en el recreo jugar sin contacto] (los ejemplos eran la coronita y la escondida).	
ld0078	¿Quién resolvió el retorno a la presencialidad en las escuelas rurales?	etapa1	-	