Documento	Pregunta	Anotador	Respuesta	Comentarios
ld0051	¿Con qué instituciones se reunió Codicen para debatir la medida?	AD	[Representantes de la Asociación de Institutos de Educación Privada (AIDEP) y de la Asociación Uruguaya de Educación Católica (AUDEC)] se reunieron este martes con las autoridades del Consejo Directivo Central (Codicen) de la Administración Nacional de Educación Pública para conversar sobre cómo ha sido el proceso de adaptación a las clases virtuales y cómo avanzar en las próximas semanas.	
ld0051	¿Cuánto aumentaron los reclamos de los padres que mandan a sus hijos a colegio privado?	AD	Defensa al Consumidor informó la semana pasada que [se triplicaron] los reclamos hechos por padres que envían a sus hijos a colegios privados, según informó El País. 	
ld0051	¿Qué plataformas fueron importantes para la virtualidad en la educación?	AD	Varela y Noya concuerdan en la importancia que ha tenido la plataforma [CREA, de Plan Ceibal], para mantener el vínculo con los estudiantes, más allá de que varios colegios han podido acceder a otras plataformas educativas pagas.	
ld0052	¿Cuándo se realizó la encuesta?	AD	Las consultas a los montevideanos se hicieron de forma online [entre el 4 y el 6 de abril, el 12 y el 14 y el 20 y el 22].	
ld0052	¿Qué porcentaje de preocupación por contagiarse de Covid se relevó en la encuesta?	AD	Quienes dicen que están algo o muy preocupados eran [63% en el primero, 64% en el segundo y 61% en el tercero].	
ld0052	¿Qué porcentaje de montevideanos se siguen informando seguido sobre el Covid, según la encuesta?	AD	En la misma línea viene cayendo también la frecuencia con la que los montevideanos dicen infomarse “todo el tiempo” sobre el tema: [39%, 26% y 21%].	
ld0052	¿Qué porcentaje de personas se informan sobre el Covid solo una vez por día o menos?	AD	A su vez, aumenta la proporción de quienes se informan solo una vez por día o menos: [27%, 42% y, en la última, 46%].	
ld0052	¿Qué porcentaje de personas tiene temor a contagiarse o que se contagie un familiar?	AD	Además, se viene reduciendo el temor a contagiarse o que lo haga un familiar ([de 58% a 55% y a 51%]) mientras en la última semana creció la percepción de que “la amenaza del coronavirus está exagerada en Uruguay” (20%,17%,20%).	
ld0052	¿Qué porcentaje de personas cree que la preocupación por el Covid es exagerada?	AD	Además, se viene reduciendo el temor a contagiarse o que lo haga un familiar (de 58% a 55% y a 51%) mientras en la última semana creció la percepción de que “la amenaza del coronavirus está exagerada en Uruguay” ([20%,17%,20%]).	
ld0054	¿Cuándo empezará a ser obligatorio el uso de tapabocas en grandes superficies?	AD	[Este viernes] se comenzará a exigir el uso de tapabocas en las grandes superficies, pero también en los próximos días se comenzaría a hacer lo mismo en los comercios asociados al Centro de Almaceneros Minoristas, Baristas, Autoservicistas y Afines del Uruguay (CAMBADU), según acordaron evaluar este jueves autoridades de esa gremial y el secretario de Presidencia, Álvaro Delgado, en una reunión que sostuvieron en la Torre Ejecutiva.	
ld0054	¿En cuáles comercios será obligatorio el uso de tapabocas en los próximos días?	AD	Este viernes se comenzará a exigir el uso de tapabocas en las grandes superficies, pero también en los próximos días se comenzaría a hacer lo mismo en los comercios [asociados al Centro de Almaceneros Minoristas, Baristas, Autoservicistas y Afines del Uruguay (CAMBADU)], según acordaron evaluar este jueves autoridades de esa gremial y el secretario de Presidencia, Álvaro Delgado, en una reunión que sostuvieron en la Torre Ejecutiva.	
ld0054	¿Cuál es uno de los sectores más afectados por la pandemia?	AD	Entre los temas que trataron en la instancia, los comerciantes plantearon la inquietud del [sector gastronómico], uno de los más afectados por el confinamiento como consecuencia de la emergencia sanitaria.	
ld0055	¿Cuáles son las zonas de Brasil más afectadas por el Covid?	AD	[San Pablo y Río de Janeiro] son los dos estados del país más afectados por la enfermedad, con 1.345 y 530 fallecimientos atribuidos a la covid-19, respectivamente. 	
ld0055	¿Cómo se llama el ex Ministro de Salud de Brasil, destituido por Bolsonaro?	AD	Pese a que todo indica que Moro permanecerá en el gabinete, la situación evidenció la frágil situación política de Bolsonaro, que la semana pasada cesó al ministro de Salud [Luiz Henrique Mandetta] y además enfrenta numerosos pedidos de juicio político en la Cámara de Diputados. 	
ld0056	¿Quién es el Ministro de Salud de Argentina?	AD	Según informó Página 12, el ministro de Salud, [Ginés González García], adelantó que entre los temas que estarían a estudio durante la reunión en Olivos se encontraba la posible flexibilización del aislamiento para niños y adolescentes.	
ld0056	¿En qué provincias se flexibilizó la cuarentena?	AD	Así, se habilitó el ejercicio de las profesiones liberales –abogados y contadores, principalmente– en las provincias de [Entre Ríos, Misiones, Salta, San Juan y Neuquén]. 	
ld0056	¿En qué provincias se flexibilizó la cuarentena?	AD	También se autorizaron las obras públicas y privadas en [San Juan, Santa Cruz, Misiones, Entre Ríos, Mendoza y Neuquén].	
ld0056	¿Hasta cuándo durará el aislamiento obligatorio en Argentina?	AD	Según informó Tiempo Argentino, esta flexibilización de la cuarentena estará regulada, junto con la continuidad del aislamiento físico, preventivo y obligatorio que proseguirá al menos [hasta el 10 de mayo]. 	
ld0056	¿Cuáles son las zonas de Argentina más afectadas por el Covid?	AD	Las medidas se mantendrán en [la ciudad de Buenos Aires y en la zona metropolitana], ya que es en esa zona donde reside la mayor cantidad de infectados.	
ld0059	¿Cuándo va a realizar los pagos la UEFA?	AD	“Dados los retos de los clubes para afrontar sus compromisos financieros vigentes mientras sus ganancias caen durante los cierres relacionados con el covid-19, los pagos se realizarán [de inmediato]”, dictaminó el ente del fútbol europeo.	
ld0059	¿Quién es el Presidente de la UEFA?	AD	[Aleksander Čeferin], presidente de la UEFA, comentó: “Los clubes europeos son una parte integral del éxito de nuestras competiciones de selecciones nacionales.	
ld0059	¿Para cuándo le gustaría a la UEFA tener definida la clasificación?	AD	En lo posible, [antes de agosto]. 	
ld0059	¿Cuánto dinero se les va a adelantar a los clubes de la UEFA?	AD	El dinero se repartirá de la siguiente manera: [50 millones de euros para los clubes que han cedido jugadores a las 39 federaciones que no participan en los play off de los Clasificatorios Europeos; 17,7 millones de euros para los clubes que han cedido jugadores a las 16 federaciones que participan en los play off de los Clasificatorios Europeos]; el balance de 2,7 millones de euros relacionado con los jugadores cedidos para los play off será distribuido tras la finalización de estos partidos de play off.	
ld0061	¿Cómo se llama el documento que recoge los resultados del estudio realizado por el grupo de investigación de género?	AD	Los resultados del análisis fueron sintetizados en el documento [La romantización del “quédate en casa”], cuya conclusión principal es que la situación actual pone en evidencia “las desigualdades de género en el mundo laboral y en las tareas de cuidados”.	
ld0061	¿Cuántas mujeres viven solas con sus hijos?	AD	Y cuando no están presentes los varones en los hogares, ¿qué apoyos para el cuidado tienen las mujeres que viven solas con sus hijos ([11% de los hogares en Uruguay])?	
ld0061	¿Cuáles son los sectores económicos más afectados por la pandemia en los que trabajan las mujeres?	AD	Esto es porque los primeros sectores afectados por la crisis están altamente feminizados, como [el trabajo doméstico, los sectores vinculados al turismo o los servicios]. 	Qué pasa con el "como"?
ld0061	¿Cuáles grupos de personas son las más afectadas por el Covid?	AD	“Teniendo en cuenta que [los trabajadores y las trabajadoras con mayor desprotección, informales y que trabajan en base a jornales], van a recibir el mayor impacto de las repercusiones económicas que genere esta emergencia sanitaria, podemos afirmar que probablemente la pandemia vuelva más pobres y vulnerables a las mujeres”, aseguran.	
ld0062	¿A quién favorecen las medidas que está tomando el gobierno uruguayo?	AD	Pero si observamos las respuestas que algunos gobiernos ‒incluido el uruguayo‒ y las empresas están dando a la crisis, es posible entender que la orientación de las propuestas y respuestas que se ponen sobre la mesa es dar prioridad [al capital] por sobre la vida y los derechos de la clase trabajadora. 	
ld0062	¿Cuántos desempleados podría dejar la pandemia según la Organización Internacional del Trabajo?	AD	La Organización Internacional del Trabajo estimó en su optimista proyección inicial (marzo de 2020) que la cifra de desempleados a nivel mundial podría llegar a los [25 millones] de personas.	
ld0062	¿Quiénes son las personas más afectadas por la pandemia?	AD	Las/os principales afectadas/os en general son, como siempre, quienes más sufren las injusticias y los sistemas de opresión de clase, patriarcal y racista: [personas trabajadoras en condiciones de informalidad, cuentapropistas, monotributistas, independientes, de economías de plataformas, trabajadoras domésticas]. 	
ld0062	¿A cuántas personas dejaron de pagarle las empresas transnacionales de alimentos en Chile?	AD	Así, empresas transnacionales del sistema agroalimentario del porte de Starbucks o Burger King se acogieron a la ley y suspendieron el contrato de [aproximadamente 4.000] trabajadores/as.	
ld0062	¿De cuáles organizaciones internacionales se retiró Uruguay con el gobierno actual?	AD	En una de las agendas más invisibilizadas de Uruguay –la política internacional– el gobierno viene avanzando en un cambio de timón extremo que provocó la salida del país de [Telesur, del Banco del Sur, de la Unión de Naciones Suramericanas (Unasur)], en un fuerte alineamiento con la política del gobierno de Estados Unidos, incluso en su ataque constante contra el pueblo de Venezuela.	
ld0063	¿En qué países la pandemia afectó más a indígenas y afrodescendientes?	AD	En otros países, como [Ecuador, Brasil o Colombia], podemos ver que la herencia de la colonialidad en la región ha hecho que esta pandemia afecte diferencialmente a poblaciones indígenas y afrodescendientes. 	
ld0065	¿Dónde se puede realizar el cuestionario?	AD	A medio camino entre el juego y la encuesta, en una fase preliminar el portal [cuarentena.uy] desde hace 15 días recaba las impresiones sobre estos tiempos de pandemia.	
ld0065	¿Dónde se pueden ver los resultados?	AD	Conclusiones preliminares, que dan cuenta de cierta docilidad en la actitud local, pueden revisarse [en cuarentena.uy/resultados].	
ld0065	¿Cómo se llama quien tuvo la idea del portal?	AD	La verdad es que ahí me empezó a interesar más”, dice [Alejandro Maiche, profesor e investigador de la Facultad de Psicología de la Universidad de la República].	
ld0067	¿Cuánto aumentó el acceso a internet por cable y fibra óptica?	AD	Este aumento también fue notado en Antel: a principios de abril, la empresa de comunicaciones estatal reportó un aumento en el uso diario de [hasta 32%] en sus servicios de ADSL por cobre y por fibra óptica y de hasta 44% en sus servicios móviles.	
ld0067	¿Cuánto aumentó el acceso a internet por servicios móviles?	AD	Este aumento también fue notado en Antel: a principios de abril, la empresa de comunicaciones estatal reportó un aumento en el uso diario de hasta 32% en sus servicios de ADSL por cobre y por fibra óptica y de [hasta 44%] en sus servicios móviles.	
ld0067	¿Cuánto aumentó la venta de computadoras?	AD	En Estados Unidos, y basados en los datos de la consultora de mercado NPD Group, el aumento en la venta de computadoras fue de [40%], al que hay que agregarle 138% en monitores y 179% en cámaras web, respecto del mismo período de 2019.	
ld0067	¿Cuánto aumentó la venta de monitores?	AD	En Estados Unidos, y basados en los datos de la consultora de mercado NPD Group, el aumento en la venta de computadoras fue de 40%, al que hay que agregarle [138%] en monitores y 179% en cámaras web, respecto del mismo período de 2019.	
ld0067	¿Cuánto aumentó la venta de cámaras web?	AD	En Estados Unidos, y basados en los datos de la consultora de mercado NPD Group, el aumento en la venta de computadoras fue de 40%, al que hay que agregarle 138% en monitores y [179%] en cámaras web, respecto del mismo período de 2019.	
ld0067	¿Cuánto bajó la fabricación de dispositivos electrónicos a causa del confinamiento en China?	AD	Según la firma de análisis del mercado tecnológico Canalys, los retrasos causados por el freno en la producción de partes en China, producto de las medidas de confinamiento, generó una baja de [8% promedio] en la fabricación de dispositivos.	
ld0067	¿Cuál fue la empresa más afectada por la baja en producción de dispositivos electrónicos?	AD	La empresa más afectada sería [Apple], con una disminución de 20% en la producción de nuevos productos.	
ld0067	¿Cuánto bajó la producción de dispositivos electrónicos de Apple?	AD	La empresa más afectada sería Apple, con una disminución de [20%] en la producción de nuevos productos.	
ld0069	¿Cuáles fueron los países más afectados por el Covid?	AD	Aunque la mayoría de las epidemias detectadas en los países de Europa Occidental donde la covid-19 se ha manifestado de una manera particularmente agresiva ‒[Italia, España y Francia]‒ se estabilizaron e incluso están disminuyendo, Ghebreyesus se mostró preocupado por las tendencias al alta de casos que se están registrando en algunos países de África, América Central y del Sur, y Europa del Este.	
ld0069	¿Cuándo se declaró el estado de emergencia en el mundo por el Covid?	AD	“En retrospectiva, creo que declaramos la emergencia en el momento adecuado”, [el 30 de enero], explicó Ghebreyesus.	
ld0069	¿Qué presidente le quitó el financiamiento a la OMS?	AD	Por otra parte, el director general de la OMS rebatió las acusaciones de las que ha sido objeto en las últimas semanas por parte de varios gobiernos, entre ellos el del [estadounidense Donald Trump], que acusó a la entidad de ser proclive a los intereses chinos, por lo que decidió quitar el financiamiento que su país le otorga anualmente al organismo internacional.	
ld0070	¿Cuánto aumentará la cantidad de personas con hambruna a causa del Covid?	AD	El organismo prevé que el número de personas que hacen frente a la inseguridad alimentaria aguda aumentará a 265 millones en 2020, lo que significa un aumento de [130 millones] que se suman a los registrados en 2019, que fueron 135 millones.	
ld0070	¿Quién es el jefe de la WFP?	AD	El economista jefe del WFP, [Arif Husain], dijo que “la Covid-19 es potencialmente catastrófica para millones de personas cuyas vidas ya penden de un hilo.	
ld0072	¿Cuántas fases planea el gobierno de Estados Unidos para re-abrir el país tras la cuarentena?	AD	Publicadas en el sitio de la Casa Blanca, las pautas, “basadas en el asesoramiento de expertos en salud pública” y con el aval de los Centros de Control y Prevención de Enfermedades (CDC), abordan cómo ir relajando el distanciamiento social y retomar la actividad económica en [tres] fases.	
ld0072	¿Cada cuánto tiempo está previsto avanzar de una etapa a otra?	AD	Si todos estos criterios se cumplen, [cada 14 días] se podrá ir pasando de una etapa a la siguiente, siempre recordando que las personas deberán mantener sus prácticas de higiene (lavado de manos, toser en el codo, usar tapabocas en público, etcétera), que los empleadores deberán favorecer “el distanciamiento social y proveer equipo protector”, realizar chequeos de temperatura y, entre otras medidas, desinfectar regularmente las áreas de uso común.	
ld0072	¿Quién está evaluando la medida?	AD	Publicadas en el sitio de la Casa Blanca, las pautas, “basadas en el asesoramiento de expertos en salud pública” y con el aval de los [Centros de Control y Prevención de Enfermedades (CDC)], abordan cómo ir relajando el distanciamiento social y retomar la actividad económica en tres fases. 	
ld0077	¿Cada cuánto habría entrenamientos de fútbol en Uruguay cuando se reanuden?	AD	La idea es que esa reanudación sea en pequeños grupos y en distintos horarios, hacerlo [día por medio]”, agregó el futbolista de Cerrito.	
ld0077	¿Quién es el secretario de la Mutual Uruguaya de Futbolistas Profesionales?	AD	No hay que dar pasos en falso”, comentó el secretario de la Mutual Uruguaya de Futbolistas Profesionales, [Mitchell Duarte], en Deportes 930, de Radio Carve.	
ld0080	¿Por cuánto tiempo hay que lavarse las manos para evitar el Covid?	AD	Higienizarse las manos frecuentemente con agua y jabón (se recomienda que durante [más de 20 segundos]) o friccionándose con alcohol en gel.	
ld0080	¿Cuándo aparecen los síntomas de Covid?	AD	Los síntomas más habituales, que suelen aparecer de forma gradual [entre los dos y los 14 días después de haber contraído el virus], son fiebre, cansancio y tos seca.	
ld0080	¿Hasta cuánto tiempo después del contagio se pueden presentar síntomas de Covid?	AD	Si efectivamente tuviste contacto con el virus, los síntomas pueden manifestarse en los siguientes [14 días].	
ld0080	¿Qué porcentaje de personas fueron asintomáticas en Islandia?	AD	Por ejemplo, Islandia testeó a 6% de sus 360.000 habitantes y [50%] de los casos positivos correspondían a personas que no tenían ningún síntoma.	
ld0080	¿Qué porcentaje de personas con Covid van a CTI?	AD	Su ritmo de propagación es muy alto y  [alrededor de 5%] de quienes contraen la enfermedad precisará atención en CTI.	
ld0080	¿Qué porcentaje de personas con Covid van a CTI?	AD	Los casos de covid-19 que se han conocido hasta ahora indican que alrededor de 80% de las personas desarrolla síntomas leves y no precisa un tratamiento especial, en el entorno de 15% atraviesa una enfermedad grave que involucra dificultad para respirar y el [5%] restante ha precisado atención en CTI.	
ld0080	¿Qué porcentaje de personas presenta síntomas leves de Covid?	AD	Los casos de covid-19 que se han conocido hasta ahora indican que [alrededor de 80%] de las personas desarrolla síntomas leves y no precisa un tratamiento especial, en el entorno de 15% atraviesa una enfermedad grave que involucra dificultad para respirar y el 5% restante ha precisado atención en CTI.	
ld0080	¿Qué porcentaje de personas se enferma de forma grave de Covid?	AD	Los casos de covid-19 que se han conocido hasta ahora indican que alrededor de 80% de las personas desarrolla síntomas leves y no precisa un tratamiento especial, [en el entorno de 15%] atraviesa una enfermedad grave que involucra dificultad para respirar y el 5% restante ha precisado atención en CTI.	Y los que están en CTI?
ld0080	¿Cuándo se empezó a recomendar el uso de tapabocas?	AD	[En abril] varios países empezaron a recomendar el uso de tapabocas caseros a toda la población, algo que antes se restringía a los casos positivos o sospechosos y su entorno. 	
ld0080	¿Cada cuánto tiempo hay que cambiarse el tapabocas?	AD	Se recomienda hacer varios, ya que hay que cambiarlo [cuando está húmedo o cada cuatro horas], porque es cuando se convierte en un ambiente ideal para la reproducción de cualquier virus.	
ld0080	¿Quiénes tienen que hacer cuarentena obligatoria en Uruguay?	AD	No pueden salir de su casa [las personas que tengan un diagnóstico de covid-19 o que sospechen que pueden tener la enfermedad].	
ld0080	¿Cuántos tipos de coronavirus afectan a los humanos?	AD	Se sabe que [siete] de ellos pueden infectar a los humanos, cuatro causando infecciones respiratorias menores y los otros tres provocando enfermedades más graves.	
ld0080	¿Cuándo se descubrió el Covid-19?	AD	Se descubrió este nuevo coronavirus que afecta a humanos [en diciembre de 2019], en la provincia china de Wuhan. 	
ld0080	¿Dónde se descubrió el Covid-19?	AD	Se descubrió este nuevo coronavirus que afecta a humanos en diciembre de 2019, [en la provincia china de Wuhan]. 	
ld0080	¿Cuál es el nombre completo del covid?	AD	El nombre completo del virus es [SARS-CoV-2] y la enfermedad que causa es la covid-19.	
ld0080	¿Cuándo se dio a conocer el nombre completo del covid?	AD	El nombre de la afección fue dado a conocer [el 11 de febrero] por la OMS.	
ld0080	¿Quién le puso nombre completo al covid?	AD	El nombre de la afección fue dado a conocer el 11 de febrero por [la OMS].	
ld0080	¿Cuáles medicamentos sirvieron hasta ahora para tratar el covid?	AD	Entre ellos figuran [la cloroquina y la hidroxicloroquina], indicados para combatir la malaria, que han dado resultados promisorios, pero los estudios clínicos aún son escasos y con baja cantidad de pacientes.	
ld0002	¿Cuál era la fecha original del mundial de Fórmula 1?	AR	Previo a estas decisiones, desde la organización decidieron suspender el Gran Premio de Francia, con fecha fijada para el [28 de junio].	
ld0002	¿Qué medidas tomó el gobierno francés?	AR	La resolución se tomó teniendo en cuenta las medidas sanitarias adoptadas por el gobierno francés –[prohibición de aglomeraciones de gente]-, que seguirán vigentes para esos días.	
ld0002	¿Quién es Chase Carey?	AR	La buena nueva para los amantes de los fierros fue confirmada por Chase Carey, [director ejecutivo de la competencia], a través de un comunicado: “Nuestro objetivo es comenzar a competir en Europa en julio, agosto y principios de setiembre, y la primera carrera tendrá lugar en Austria el fin de semana del 3 al 5 de julio”. 	
ld0002	¿Quién es Chase Carey?	AR	El [CEO de la Fórmula 1], además, dijo que “setiembre, octubre y noviembre nos verían competir en Eurasia, Asia y América, terminando la temporada en el Golfo, en diciembre, con Baréin antes del final tradicional en Abu Dabi, completando entre 15 y 18 carreras. Publicaremos nuestro calendario finalizado tan pronto como sea posible”.	
ld0002	¿En dónde se va a hacer la primera carrera de Fórmula 1?	AR	Nuestro objetivo es comenzar a competir en Europa en julio, agosto y principios de setiembre, y la primera carrera tendrá lugar en [Austria] el fin de semana del 3 al 5 de julio.	
ld0005	¿Quién va a presentar un proyecto para estudiar el contagio de coronavirus en mascotas?	AR	Es por eso que hace diez días, desde la [Facultad de Veterinaria de la Universidad de la República] se dio a conocer el interés por elaborar un proyecto de investigación destinado a determinar la presencia o no de covid-19 en mascotas (perros y gatos) de personas que han dado positivo al test diagnóstico y en mascotas que a priori nunca estuvieron expuestas al virus, para poder comparar.	
ld0005	¿Quién va a presentar un proyecto para estudiar el contagio de coronavirus en mascotas?	AR	Si bien el proyecto aún se está elaborando y está sujeto a aprobación, el [doctor Alejandro Benech, grado 5 y director del Departamento de Pequeños Animales de dicha facultad], adelantó algunas de las etapas que tendría.	
ld0005	¿Qué es el ARN?	AR	Acá vale repasar algunos términos: el ARN es [una molécula presente en las células que se encarga de mediar entre la información almacenada en el ADN y la síntesis de proteínas adecuada].	
ld0005	¿Qué es el ARN?	AR	Para allanar el concepto, es [una especie de mensajero entre la información que existe y la producción de proteínas].	
ld0009	¿Quién es el Ministro de Salud de España?	AR	Esta es “la primera medida de alivio” del confinamiento ante el coronavirus, dijo el ministro de Salud, [Salvador Illa], quien celebró los datos que se conocieron ayer: por tercer día consecutivo hubo más pacientes recuperados que nuevos casos, y se produjeron menos fallecimientos que el sábado.	
ld0009	¿Qué medidas se deben tomar al aire libre en España?	AR	En las calles españolas, [se recomienda el uso de tapabocas, aunque no es obligatorio, y policías, a pie, en móviles e incluso en helicópteros, llamaban a las personas a mantener la distancia social].	
ld0009	¿Qué actividades al aire libre se permitirán próximamente en España?	AR	Los próximos pasos en este sentido serían las [salidas para hacer deporte de forma individual, los paseos en familia y paseos breves para las personas mayores].	
ld0073	¿Cuáles son las medidas sanitarias que se deben respetar durante la caravana del 1 de mayo 2020?	AD	Abdala sostuvo que esas condiciones serán, [por ejemplo, que en la caravana sólo pueda ir una persona por moto o bicicleta, no más de dos por auto –una persona adelante y otra atrás– y “todo el mundo con tapaboca”.]	
ld0073	¿Quiénes van a respaldar, en materia de seguridad, la caravana del 1 de mayo?	AD	En cuanto a la nueva propuesta, Larrañaga dijo que si bien todavía la central sindical no lo definió, en caso de que se haga lo anunciado por Abdala, [el MI “va a ayudar a la seguridad de esa caravana” con la Policía de Tránsito], a efectos de que pueda desarrollarse “en las mejores condiciones de seguridad para todos”.	
ld0073	¿Dónde se celebra el 1 de mayo 2020?	AD	Marcelo Abdala, recordó que si bien en principio la central sindical había concebido cuatro “reuniones” en distintas plazas públicas de Montevideo, el lugar de celebración de la jornada más importante tenía que ser [“la casa de familia” de cada uno de los trabajadores].	
ld0079	¿Cuáles son las empresas más afectadas por la pandemia?	AD	Los datos recogidos por la encuesta muestran que [las microempresas y las empresas del sector vinculado a los alojamientos y servicios de comida y comercio] son las más afectadas. 	
ld0079	¿Qué porcentaje de empresas están conformes con las medidas del gobierno?	AD	[35,4% considera que son “adecuadas” y 2,6% opina que se “ajustan perfectamente” a sus requerimientos].	!!!
ld0079	¿Qué porcentaje de empresas no pudo implementar las medidas promocionadas por el gobierno?	AD	A su vez, la mayoría de las empresas ([33,1%]) no pudieron acogerse a las medidas anunciadas por el gobierno, ya sea porque “no les corresponde o por el tipo de empresa (cantidad de empleados o naturaleza jurídica)”.	
ld0079	¿Cuáles son las medidas anunciadas por el gobierno que más implementaron las empresas?	AD	Las medidas que son mayormente adoptadas por las empresas son [las del seguro de paro flexible (26,7%) y el aplazamiento de aportes tributarios (20,2%)].	
ld0079	¿Qué porcentaje de empresas adoptaron la medida de seguro de paro flexible?	AD	Las medidas que son mayormente adoptadas por las empresas son las del seguro de paro flexible ([26,7%]) y el aplazamiento de aportes tributarios (20,2%).	
ld0079	¿Qué porcentaje de empresas adoptaron la medida de aplazamiento de aportes tributarios?	AD	Las medidas que son mayormente adoptadas por las empresas son las del seguro de paro flexible (26,7%) y el aplazamiento de aportes tributarios ([20,2%]).	
ld0079	¿Qué porcentaje de empresas recogió caídas en sus niveles de venta?	AD	Del total de empresas encuestadas, [86,9%] registró caídas en su niveles de venta.	
ld0079	¿Qué tipo de empresa registró más caída en sus niveles de venta?	AD	De ese total, [las microempresas] son las más afectadas: 91,4% reconoce haber disminuido sus ventas.	
ld0079	¿Qué tipo de empresa registró más caída en sus niveles de venta?	AD	En el caso de los sectores, casi el total de [las empresas de alojamiento y servicios de comida] (96,3%) evidenciaron una “contracción” en sus niveles de venta luego de la declaración de emergencia sanitaria.	
ld0079	¿Qué porcentaje de microempresas registró caída en las ventas?	AD	De ese total, las microempresas son las más afectadas: [91,4%] reconoce haber disminuido sus ventas.	
ld0079	¿Qué porcentaje de empresas de alojamiento y comida registró caídas en las ventas?	AD	En el caso de los sectores, casi el total de las empresas de alojamiento y servicios de comida ([96,3%]) evidenciaron una “contracción” en sus niveles de venta luego de la declaración de emergencia sanitaria.	
ld0079	¿Qué porcentaje de empresas de construcción registró caídas en las ventas?	AD	Luego le sigue la construcción -[88,9%] de empresas que vieron afectadas sus ventas-, y los comercios minoristas y mayoristas (88,4%).	
ld0079	¿Qué porcentaje de comercios minoristas y mayoristas registró caídas en las ventas?	AD	Luego le sigue la construcción -88,9% de empresas que vieron afectadas sus ventas-, y los comercios minoristas y mayoristas ([88,4%]).	
ld0079	¿Qué proporción de empresas mandaron empleados a seguro de desempleo?	AD	Según el informe, [seis de cada diez empresas] declararon haber enviado trabajadores al seguro de desempleo.	
ld0079	¿Cuál es el sector que envió a más trabajadores a seguro de desempleo?	AD	Si se analiza por rubro, [el sector de alojamiento y servicios de comida] es el que más ha enviado trabajadores al seguro de desempleo (81,5%), le sigue el sector de comercio minorista y mayorista (66,9%) y en tercer lugar la industria manufacturera (60%).	
ld0079	¿Qué porcentaje de empresas del sector de alojamiento y comida mandó a sus trabajadores a seguro de desempleo?	AD	Si se analiza por rubro, el sector de alojamiento y servicios de comida es el que más ha enviado trabajadores al seguro de desempleo ([81,5%]), le sigue el sector de comercio minorista y mayorista (66,9%) y en tercer lugar la industria manufacturera (60%).	
ld0079	¿Qué porcentaje de empresas de comercio mandó a sus trabajadores a seguro de desempleo?	AD	Si se analiza por rubro, el sector de alojamiento y servicios de comida es el que más ha enviado trabajadores al seguro de desempleo (81,5%), le sigue el sector de comercio minorista y mayorista ([66,9%]) y en tercer lugar la industria manufacturera (60%).	
ld0079	¿Qué porcentaje de empresas del sector manufacturero mandó a sus trabajadores a seguro de desempleo?	AD	Si se analiza por rubro, el sector de alojamiento y servicios de comida es el que más ha enviado trabajadores al seguro de desempleo (81,5%), le sigue el sector de comercio minorista y mayorista (66,9%) y en tercer lugar la industria manufacturera ([60%]).	
ld0079	¿Qué porcentaje de empresas mandó a más del 75% de sus empleados a seguro de desempleo?	AD	Del total de empresas que han enviado a los trabajadores al seguro de desempleo, [41,2%] envió a más de 75% de su personal.	
ld0079	¿Cuántas empresas mandaron a sus empleados a seguro de paro parcial?	AD	[Del total de empresas que enviaron al seguro de paro, la mitad] lo hicieron en la modalidad de seguro de paro parcial.	
ld0079	¿Cuántas empresas no están en condiciones de pagar los salarios?	AD	En cuanto a los Consejos de Salarios, [10%] de las empresas dice no estar en condiciones de pagar los salarios acordados, 50% entiende que no están dadas las condiciones para llamar a una nueva ronda de Consejos de Salarios y 30% cree que se deberían aplicar los descuelgues de “acuerdo a la realidad de cada empresa”.	
ld0079	¿Cuántas empresas no quieren llamar a una nueva ronda de Consejo de Salarios?	AD	En cuanto a los Consejos de Salarios, 10% de las empresas dice no estar en condiciones de pagar los salarios acordados, [50%] entiende que no están dadas las condiciones para llamar a una nueva ronda de Consejos de Salarios y 30% cree que se deberían aplicar los descuelgues de “acuerdo a la realidad de cada empresa”.	
ld0082	¿Cuándo se reanudaría el trabajo judicial tras la Feria Judicial Sanitaria?	AD	Luego viene un fin de semana (2 y 3 de mayo), por lo cual la actividad judicial se reanudaría recién [el lunes 4 de mayo].	
ld0082	¿Quién resolvió hacer la Feria Judicial Sanitaria?	AD	Pero debido a la pandemia y a la cuarentena, desde el 14 de marzo del corriente año, [la Suprema Corte de Justicia (SCJ, órgano máximo de nuestro Poder Judicial)] resolvió comenzar una Feria Judicial Sanitaria que en principio se extenderá, según la propia SCJ, hasta el jueves 30 de abril. 	
ld0083	¿Cómo se llama el proyecto para paliar las consecuencias de la crisis sanitaria para los artistas?	AD	Una de las acciones del Ministerio de Educación y Cultura destinadas al sector que se dieron a conocer en los últimos días en el marco del proyecto [CulturaenCasa.uy] es un llamado a formadores para dar cursos en línea (bajo una remuneración de 10.000 pesos por curso), como forma de paliar la crisis laboral de los artistas.	
ld0083	¿Cuándo se declaró la emergencia sanitaria en Uruguay?	AD	[El 13 de marzo], en el momento en que Uruguay declaraba estado de emergencia sanitaria, con el equipo de Doméstica realidad nos encontrábamos en la sala Atahualpa del teatro El Galpón, donde nos preparábamos para nuestra segunda función con público.	
mp0061	¿Cuántos casos de covid se detectaron a lo largo de la pandemia en Argentina?	SGoy	En todo el país, donde viven 45,3 millones de habitantes, se contabilizaron en total más de [5,1 millones] de casos de covid-19 y 110.609 muertes relacionadas con esta enfermedad desde el inicio de la pandemia, en marzo de 2020.	
mp0061	¿Cuántas muertes causó el covid en Argentina?	SGoy	En todo el país, donde viven 45,3 millones de habitantes, se contabilizaron en total más de 5,1 millones de casos de covid-19 y [110.609] muertes relacionadas con esta enfermedad desde el inicio de la pandemia, en marzo de 2020.	
mp0061	¿Cuántas personas en Argentina tienen solo una dosis de vacuna contra el covid?	SGoy	Argentina cuenta ya con 12,2 millones de personas inmunizadas contra el coronavirus, mientras que recibieron la primera dosis contra el covid-19 otros [27,3 millones] de habitantes.	
mp0061	¿Cuántas personas de Argentina ya tienen su esquema de vacunación completo?	SGoy	Argentina cuenta ya con [12,2 millones] de personas inmunizadas contra el coronavirus, mientras que recibieron la primera dosis contra el covid-19 otros 27,3 millones de habitantes.	
mp0062	¿Cuándo se empezó a aplicar la medida de las tres G en Alemania?	SGoy	La llamada "3G-Regel" -o regla de las tres G, por los términos Geimpft, Genesen o Getestet, vacunado, sanado o sometido a un test, en alemán- entró formalmente en vigor [este lunes], de acuerdo a lo consensuado entre el Gobierno central y los estados federados, a los que corresponde su implementación.	
mp0062	¿A qué tipo de espacios apunta la medida de las tres G?	SGoy	La medida afecta a [todo tipo de espacios públicos cerrados], desde restauración y hostelería a instalaciones deportivas, salas de masaje o peluquerías, actos, celebraciones, cines, teatros o museos, así como para los visitantes en hospitales, geriátricos y centros de discapacitados.	
mp0062	¿Cuántos casos semanales por cada 100.000 habitantes hay en Alemania?	SGoy	La media nacional este lunes se situó en los [56,4] casos semanales, según las cifras actualizadas del Instituto Robert Koch (RKI) de virología.	
mp0063	¿Cuántas personas tienen la dosis de refuerzo en Israel?	SGoy	Las autoridades sanitarias autorizaron una tercera dosis para todos los mayores de 40 años y [más de 1,4 millones] de personas han recibido este refuerzo.	
mp0063	¿A partir de qué edad los niños se pueden vacunar en el horario escolar?	SGoy	El Gobierno de Israel autorizó la apertura del curso escolar el 1 de setiembre, como estaba previsto y a pesar del repunte de casos de COVID-19, aunque en un intento de aumentar la inmunización global avanzó en que los estudiantes [mayores de 12 años] podrán ser vacunados en horario escolar.	
mp0063	¿Cuántas personas de entre 12 y 15 años tienen alguna dosis de la vacuna?	SGoy	Por el momento, solo [cuatro de cada diez] adolescentes de entre 12 y 15 años han recibido al menos una dosis de la vacuna, según 'The Jerusalem Post'.	
mp0064	¿Cuándo controló la expansión del virus China?	SGoy	El país asiático, que había controlado la expansión de la enfermedad desde la [primavera de 2020], registró desde julio varios casos pese a las estrictas medidas sanitarias en vigor.	
mp0064	¿Cuántas personas tuvieron que confinarse debido al nuevo brote de covid?	SGoy	El brote, localizado en el aeropuerto de Nankin, al este, se extendió a la mitad de provincias del país y, aunque solo se registraron unos mil enfermos, provocó el confinamiento de [varios millones] de personas.	
mp0064	¿Cuántos positivos hubo en la gente que llegó del extranjero a China?	SGoy	El lunes, China no registró ningún caso en su territorio, algo que no sucedía desde el 16 de julio, pero sí hubo [21] contagios "importados", es decir de personas que han regresado del extranjero y han dado positivo.	
mp0065	¿Hasta cuándo habrá cuarentena en Nueva Zelanda?	SGoy	Nueva Zelanda anunció este lunes que el confinamiento de todo el país se extenderá [hasta el próximo viernes] después de que las autoridades hayan registrado un total de 107 casos de covid-19 desde la semana pasada.	
mp0065	¿En qué partes de Nueva Zelanda habrá confinamiento por siete días?	SGoy	Ardern ordenó el martes de la semana pasada el confinamiento durante siete días de Auckland y la península de Coromandel, y durante tres días para el resto del país, tras reportarse el primer contagio local de covid-19 en Nueva Zelanda en seis meses.	
mp0065	¿Cuándo se empezó a vacunar gente por covid en Nueva Zelanda?	SGoy	Las autoridades neozelandesas aceleraron la semana pasada su campaña de vacunación, que se inició [el pasado febrero] con los trabajadores más expuestos pero que hasta finales de julio no se extendió a la población en general.	
ld0303	¿Cuántas personas murieron en sus hogares en los primeros cinco días de abril en Nueva York?	SGoy	En los primeros cinco días de abril, [1.125] personas fueron declaradas muertas en sus domicilios, casi 1.000 más que en igual período en 2019, cuando hubo 131 casos.	
ld0303	¿Quiénes trabajan para recuperar los cuerpos de los muertos por covid?	SGoy	Según informaron medios estadounidenses, [15 equipos compuestos por cuatro empleados de morgues y bomberos] trabajan para intentar recuperar los aproximadamente 280 cuerpos que son retirados cada día de viviendas particulares de la ciudad.	
ld0303	¿Cuántos contagios hubo en Nueva York en total?	SGoy	El estado de Nueva York, y en particular la ciudad del mismo nombre, han sido las zonas más afectadas del país por la pandemia, con más de 7.000 fallecidos y [casi 175.000] personas infectadas.	
ld304	¿Cuándo se detuvo la actividad económica en España?	SGoy	Además, desde [los últimos días de marzo] y hasta el 9 de abril el gobierno ha obligado a detener toda actividad económica no esencial, lo que supone la paralización casi total del país.	
ld304	¿Qué país supera en muertos por covid a España?	SGoy	España es ya el segundo país del mundo con mayor número de casos confirmados de coronavirus, con más de 157.000, un número que sólo supera Estados Unidos, y la cifra de muertos es más de 15.800, sólo superada por [Italia].	
ld304	¿Cuándo se detuvo la actividad económica en España?	SGoy	A partir del lunes se retomarán en España algunas actividades económicas no esenciales que fueron paralizadas desde [el 30 de marzo] para frenar la expansión del coronavirus, entre ellas las de ciertas fábricas y oficinas.	
ld304	¿Cuándo se comenzará a retomar la actividad económica en España?	SGoy	[A partir del lunes] se retomarán en España algunas actividades económicas no esenciales que fueron paralizadas desde el 30 de marzo para frenar la expansión del coronavirus, entre ellas las de ciertas fábricas y oficinas.	
				
				
				
				
				
				
				
				
				
				
				
				
				
				
				
				
				
				
				
				
				
				
				
				
				
				
				
				
				
				
				
				
				
				
				
				
				
				
				
				
				
				
				
				
				
				
				
				
				
				
				
				
				
				
				
				
				
				
				
				
				
				
				
				
				
				
				
				
				
				
				
				
				
				
				
				
				
				
				
				
				
				
				
				
				
				
				
				
				
				
				
				
				
				
				
				
				
				
				
				
				
				
				
				
				
				
				
				
				
				
				
				
				
				
				
				
				
				
				
				
				
				
				
				
				
				
				
				
				
				
				
				
				
				
				
				
				
				
				
				
				
				
				
				
				
				
				
				
				
				
				
				
				
				
				
				
				
				
				
				
				
				
				
				
				
				
				
				
				
				
				
				
				
				
				
				
				
				
				
				
				
				
				
				
				
				
				
				
				
				
				
				
				
				
				
				
				
				
				
				
				
				
				
				
				
				
				
				
				
				
				
				
				
				
				
				
				
				
				
				
				
				
				
				
				
				
				
				
				
				
				
				
				
				
				
				
				
				
				
				
				
				
				
				
				
				
				
				
				
				
				
				
				
				
				
				
				
				
				
				
				
				
				
				
				
				
				
				
				
				
				
				
				
				
				
				
				
				
				
				
				
				
				
				
				
				
				
				
				
				
				
				
				
				
				
				
				
				
				
				
				
				
				
				
				
				
				
				
				
				
				
				
				
				
				
				
				
				
				
				
				
				
				
				
				
				
				
				
				
				
				
				
				
				
				
				
				
				
				
				
				
				
				
				
				
				
				
				
				
				
				
				
				
				
				
				
				
				
				
				
				
				
				
				
				
				
				
				
				
				
				
				
				
				
				
				
				
				
				
				
				
				
				
				
				
				
				
				
				
				
				
				
				
				
				
				
				
				
				
				
				
				
				
				
				
				
				
				
				
				
				
				
				
				
				
				
				
				
				
				
				
				
				
				
				
				
				
				
				
				
				
				
				
				
				
				
				
				
				
				
				
				
				
				
				
				
				
				
				
				
				
				
				
				
				
				
				
				
				
				
				
				
				
				
				
				
				
				
				
				
				
				
				
				
				
				
				
				
				
				
				
				
				
				
				
				
				
				
				
				
				
				
				
				
				
				
				
				
				
				
				
				
				
				
				
				
				
				
				
				
				
				
				
				
				
				
				
				
				
				
				
				
				
				
				
				
				
				
				
				
				
				
				
				
				
				
				
				
				
				
				
				
				
				
				
				
				
				
				
				
				
				
				
				
				
				
				
				
				
				
				
				
				
				
				
				
				
				
				
				
				
				
				
				
				
				
				
				
				
				
				
				
				
				
				
				
				
				
				
				
				
				
				
				
				
				
				
				
				
				
				
				
				
				
				
				
				
				
				
				
				
				
				
				
				
				
				
				
				
				
				
				
				
				
				
				
				
				
				
				
				
				
				
				
				
				
				
				
				
				
				
				
				
				
				
				
				
				
				
				
				
				
				
				
				
				
				
				
				
				
				
				
				
				
				
				
				
				
				
				
				
				
				
				
				
				
				
				
				
				
				
				
				
				
				
				
				
				
				
				
				
				
				
				
				
				
				
				
				
				
				
				
				
				
				
				
				
				
				
				
				
				
				
				
				
				
				
				
				
				
				
				
				
				
				
				
				
				
				
				
				
				
				
				
				
				
				
				
				
				
				
				
				
				
				
				
				
				
				
				
				
				
				
				
				
				
				
				
				
				
				
				
				
				
				
				
				
				
				
				
				
				
				
				
				
t202112	¿Cuáles son los países de la UE más afectados por la pandemia?	SGoy	Italia y España	
t202112	¿Quiénes son los líderes de la UE?	SGoy	-	
t202112	¿Quiénes aportarán dinero para ayudar a otros países?	SGoy	-	
t202112	¿Qué diferencias hay?	SGoy	-	
t202112	¿Cuánto dinero se piensa aportar para el fondo?	SGoy	-	
t202113	¿Cuál era el valor mínimo del subsidio por desempleo?	SGoy		
t202113	¿Cuánto dinero es un salario mínimo?	SGoy		
t202113	¿Cuándo comenzó la crisis?	SGoy		
t202113	¿Por qué se propone incrementar el valor mínimo del subsidio por desempleo?	SGoy		
t202113	¿Cuántas personas reciben actualmente subsidio por desempleo?	SGoy		
t202114	¿Qué medidas tomo el gobierno ante el coronavirus?	SGoy	-	
t202114	¿Cuánto porcentaje de gente está de acuerdo con las medidas tomadas por el gobierno?	SGoy	-	
t202114	¿Cuánto porcentaje de gente está en desacuerdo con las medidas tomadas por el gobierno?	SGoy	-	
t202114	¿Quién realizó la encuesta?	SGoy	La consultora Grupo Radar	